substance,crop,CAS,CLP,BCF,SCI.Grow,SoilDT50,Birds.Acute.LD50.mg.kg,Mammals.Acute.Oral.LD50.mg.kg.BW.day,Earthworms.Acute.14d.LC50.mg.kg,Earthworms.Chronic.14d.NOEC..Reproduction.mg.kg.corrected,BeesLD50,Fish.Acute.96hr.LC50.mg.l,Fish.Chronic.21d.NOEC.mg.l.corrected,Aquatic.Invertebrates.Acute.48hr.EC50.mg.l,Aquatic.Invertebrates.Chronic.21d.NOEC.mg.l.correted,Aquatic.Plants.Acute.7d.EC50.mg.l,Algae.Acute.72hr.EC50.Growth.mg.l,water.phase.DT50.days
"1,4-dimethylnaphthalene",Potatoes,571-58-4,-,5751,Cannot be calculated,-,-,2730,-,-,-,0.67,0.09,0.54,0.16,0.15,0.62,-
1-decanol,Tobacco,112-30-1,"Health: H319Environment: H411, H412",-,Cannot be calculated,-,> 4640,> 5000,> 627.6,-,> 13.8,2.4,0.0064,1.8,0.51,6.96,1.57,-
1-methylcyclopropene,"Harvested fruit and vegetables especially apples; Ornamentals especially cutflowers, potted flowering plants, spring bedding, nursery andfoliage plants",3100-04-7,None allocated at this time,Low risk,1.34 X 10 e-01,15,> 81,> 5000,5.0,2.0,-,> 0.966,-,> 0.776,-,> 5.8,> 0.838,-
1-naphthylacetic acid,"Top fuit including apples, pears, plums, cherries; Potatoes",86-87-3,"Health: H302, H315, H318, H319. H335Environment: H412",Low risk,6.16 X 10 e-01,42,> 2510,> 1750,> 1000,-,> 120,> 56,10,> 56,> 22,5.09,18.05,7.0
"2,4-D","Turf grass & pastures; Non-cropping situations; Amenity sites; Orchards; Cereals including barley, wheat and oats; Lucerne",94-75-7,"Health: H302, H317, H318, H335Environment: H412",10,6.92 X 10 e-01,4.4,> 500,> 300,350,62.5,> 100,100,27.2,134.2,46.2,2.7,24.2,7.7
"2,5-dichlorobenzoic acid methyl ester",Grapevines,2905-69-3,"Health: H302, H336Environment: H411",-,Cannot be calculated,-,-,1030,-,-,-,14.4,-,-,-,-,-,-
8-hydroxyquinoline,Vines; Tomatoes; Hops,148-24-3,"Health: H360D, H301, H318, H317Environment: H400, H410",Low risk,5.35 X 10 e-03,0.88,459,177,> 408.6,> 417.3,> 100,1.96,> 0.0082,3.32,0.236,-,0.503,1.0
Acequinocyl,"Greenhouse crops; Ornamentals; Nursery crops; Fruits including strawberries, apples, pears, apricots, plums, grapes, citrus; Tree nuts; Pistachios",57960-19-7,"Health: H370, H317; H373Environment: H400, H410",366,5.35 X 10 e-03,2.0,> 1942,> 4855,> 1000,-,280,> 100,0.52,0.0039,0.00098,-,-,0.5
Acetamiprid,"Leafy Vegetables; Fruiting Vegetables; Fruit including citrus, apples, pears, grapes; Cotton; Ornamental Plants and Flowers",135410-20-7,Health: H302Environment: H412,Low risk,2.16 X 10 e-03,1.6,98,146,9,1.26,8.09,> 100,19.2,49.8,5,1,> 98.3,4.7
Aclonifen,Soybeans; Peanuts; Beans and peas: Rice,74070-46-5,"Health: H317, H351Environment: H400, H410",2896,7.54 X 10 e-03,117,> 2000,> 5000,150,45,> 100,0.67,0.005,1.2,0.016,0.006,0.47,4.2
Ametoctradin,"Potatoes; Tomates; Grapes; Curcubits; Lettuce; Cucumber; Vegetables including brassicas, leeks, onions, shallots",865318-97-4,Health: H302,219,1.02 X 10 e-02,1.8,> 2000,> 2000,> 1000,> 20.4,> 100,> 0.065,> 0.048,> 0.59,0.044,-,> 0.118,1.0
Amidosulfuron,"Cereals including wheat, barley, oats, triticale; Linseed; Flax; Grassland; Clover",120923-37-7,"Environment: H400, H410",4.85,1.95 X 10 e-01,14.4,> 2000,> 5000,> 1000,42.5,> 100,> 100,6.41,> 80,1.0,> 0.0092,> 100,56.9
Aminopyralid,Rangeland; Permanent grass; Non-cropped areas including paths; roadways,150114-71-9,"Health: H315, H318, H319, H335Environment: H400, H410",100,1.60 X 10 e-01,35,> 2250,> 5000,> 1000,-,> 6.26,> 100,1.3,> 100,100,88,30,250
Amisulbrom,Potatoes; Tomatoes; Grapes; Curcubits; Bell peppers,348635-87-0,"Health: H319, H351Environment: H400, H410",176,5.35 X 10 e-03,143,> 2000,> 5000,> 500,46.85,> 100,0.0515,0.037,0.037,0.0197,-,0.20,6.7
Azoxystrobin,"Wheat; Fruit including grapes, citrus, strawberries, peaches; Sunflowers; Vegetables including onions, brassicas and curcubits; Potatoes; Cotton; Pecans; Canola; Soybeans; Peanuts; Tomato; Turf; Ornamentals",131860-33-8,"Health: H331Environment: H400, H410",Low risk,3.83 X 10 e-01,78,> 2000,> 5000,283,3.0,> 200,0.47,0.147,0.23,0.044,3.2,0.36,6.1
Beflubutamid,"Cereals including wheat, barley, rye, triticale",113614-08-7,"Human: H361d, Environment: H400, H410",140,2.40 X 10 e-02,60.1,> 2000,> 5000,366,< 2.5,> 100,1.86,0.11,1.64,0.455,0.005,0.0055,5.91
Benalaxyl-M,Tomatoes; Potatoes; Grapes,98243-83-5,Environment: H411,57,8.32 X 10 e-03,80,> 2000,> 2000,236,26,> 100,4.9,0.49,22.8,0.2,-,16.5,38
Benzoic acid,Equipment and machinery where incidental food contact may occur; Rooms and buildings where food is grown or stored],65-85-0,"Health: H315, H372, H318",3.16,8.02 X 10 e-05,0.5,-,> 2100,384,-,-,> 120,90.5,> 120,55,-,> 10,-
Benzovindiflupyr,"Cereals inc wheat, rye, barley, oats; Corn; Cucurbit and fruiting vegetables; Grapes; Peanuts; Pome fruit; Potatoes; Soybeans; Sugarcane",1072957-71-1,"Health: H301, H331Environment: H400, H410",123,1.82 X 10 e-02,908,1315,55.0,203.15,3.91,> 100,0.0035,0.00095,0.085,0.015,> 0.88,> 0.89,27.1
Bifenazate,Greenhouse crops; Nursery crops; Landscaped areas; Hops; Avocado; Curcubits; Apples & pears; Quince; Egg plants; Cucumbers; Water melon; Strawberries; Tomatoes,149877-41-8,"Health: H317. H319, H373Environment: H400, H410",83,3.61 X 10 e-03,0.69,1036,> 5000,> 429,9.75,8.50,0.58,0.017,0.5,0.15,-,0.3,0.45
Bifenox,"Cereals including wheat, barley, corn; Soybeans; Peanuts; Sugarbeet; Rice; Sorghum; OSR; Sunflowers",42576-02-3,Environment: H410,1500,6.83 X 10 e-03,6,> 2000,> 5000,> 500,> 2.55,> 200,0.67,0.009,0.66,0.00015,0.0021,0.00018,-
Bixafen,"Cereals including wheat, rye, triticale, barley, oats",581809-46-3,"Environment: H400, H410",695,2.05 X 10 e-02,500,> 2000,> 5000,> 1000,100,> 121.4,0.095,0.0046,1.2,0.05,-,0.097,26
Boscalid,"Vegetables including beans, brassicas, onions, garlic, shallots, peas, carrots, turnips; Soybeans; Fruits including grapes, apples, pears, strawberries; Tree nuts",188425-85-6,"Environment: H400, 410",107,2.14 X 10 e-01,484.4,> 2000,> 5000,> 500,1.197,> 200,2.7,0.125,5.33,1.3,> 3.9,3.75,5
Bromuconazole,"Cereals including barley, wheat; Fruit; Vegetables; Grapevines; Turf; Ornamentals",116255-48-2,"Health: H302, H361Environment: H400, H410",131,1.13 X 10 e-01,190,> 2150,328,> 500,18.6,> 500,1.7,0.21,> 8.9,0.02,0.12,> 3.3,1.7
Bupirimate,Apples; Pumpkins; Squash; Strawberry; Blackcurrant; Raspberry; Gooseberry; Hops; Courgette; Ornamentals,41483-43-6,"Health: H317, H351Environment: H410",185,2.27 X 10 e-02,79,> 10000,4000,> 500,7.3,> 50,1.0,0.3,> 3.41,0.56,-,1.6,6.2
Buprofezin,Citrus crops; Top fruit; Cucumbers; Tomatoes; Sweet potatoes; Rice; Cotton; Ornamentals,953030-84-7,"Health: H302, H373, H362, H351, H361dEnvironment: H400, H410",509,9.30 X 10 e-03,55.4,3776,> 1635,> 500,125,> 200,> 0.33,0.138,> 0.42,-,2.33,> 0.40,563.2
Calcium carbide,Rats; Mice,75-20-7,"Handling: H260Health: H315, H318, H335",-,Cannot be calculated,0.01,-,> 2000,-,-,-,> 50,-,4.62,-,-,12.4,-
Captan,"Fruit including apples, apricots, blueberries, blackberries, cherries, grapes, raspberries, nectarines, plums, peaches; Almonds; Grasses; Roses",133-06-2,"Health: H317, H318, H331, H351Environment: H400",140,2.59 X 10 e-03,0.8,> 2000,> 2000,> 259.7,6.1,> 200,0.186,0.18,7.1,0.56,12.7,1.18,0.6
Carbon dioxide,Stored cereal grains; Medicinal plants; Dried fruits,124-38-9,Health: H280,Low risk,Cannot be calculated,-,-,-,-,-,-,-,-,-,-,-,-,-
Carfentrazone,"Potatoes; Cereals including barley, oats, tritical, wheat and durum wheat; Sports turf & golf-coures",128621-72-7,"Environment: H400, H410",-,Cannot be calculated,-,> 2250,> 5000,> 410,17.72,> 200,> 99.2,-,> 101,-,0.27,0.787,-
Chlorantraniliprole,"Potatoes; Grapes; Cotton; Rice; Vegetables including artichoke, asparagus, bulb vegetables, corn, herbs, legumes, roots and tubers",500008-45-7,"Health: H319, H335Environment: H400, H410",15,6.81 X 10 e-01,597,> 2250,> 5000,> 1000,350,> 4.0,> 1.09,0.11,0.0116,0.00447,> 2.0,> 4.0,23.5
Chlormequat,"Cereals including wheat, triticale, barley, rye; Ornamentals including geraniums, pelargoniums, poinsetta; vegetables including  tomatoes, cabbage, cauliflower, radish",7003-89-6,"Health: H302, H312",-,1.39 X 10 e-01,27.4,441,115,320,681,> 65.2,> 100,43.1,31.7,2.4,5.3,> 100,-
Clethodim,"Sugarbeet; Soybeans; Potatoes; Sunflowers; Alfalfa; Vegetables including beans & peas, asparagus, carrots, aubergine; Cotton; Fax; Peanuts; Fruit including melons, peaches; Herbs",99129-21-2,"Health: H302, H317, H373Environment: H412",3.5,2.50 X 10 e-03,0.54,> 1660,1133,27.0,-,> 199.2,25,3.9,> 100,49,3.78,35.1,7.0
Clodinafop,"Cereals including wheat, triticale and rye",114420-56-3,"Health: H302, H317, H373Environment: H400, H410",Low risk,2.14 X 10 e-01,12.35,1363,1392,197,-,40.9,> 76.0,4.1,> 10,0.16,4.5,2.0,-
Clomazone,"Cotton; Vegetables including peas, potatoes, sweet potatoes, green beans, navy beans; Curcubits; Tobacco; Rice; Oilseed rape",81777-89-1,"Health: H302, H312, H315, H319, H332Environment: H400, H410, H411, H412",40,2.80 X 10 e-01,26.8,> 2224,767.5,78,> 85.75,> 89.5,15.5,2.30,12.7,2.2,34.0,83.4,24.2
Clopyralid,"Cereals including wheat, barley, oats, triticale; Turf; Ornamentals; Non-cropped and fallow land; Industrial situations",1702-17-6,Health: H318,1,4.30 X 10 e-02,23.2,1465,> 5000,> 1000,>= 1.97,> 98.1,> 99.9,10.8,> 99,17,89,30.5,148
Cloquintocet-methyl,N/A,4367-49-1,"Health: H317, H319, H332, H373Environment: H400, H410",-,Cannot be calculated,-,-,-,-,-,-,-,-,-,-,-,-,-
Copper oxychloride,Ornamentals; Beet crops; Olives; Grapes; Tomatoes,1332-40-7,"Health: H302, H314, H315, H319, H332Environment: H400, H410",Low risk,2.84 X 10 e-06,0.1,173,299,> 489.6,< 40.5,44.3,> 43.8,18.0,0.29,0.006,-,165.9,-
Cyantraniliprole,"Onions; Potatoes; Field tomatoes; Vegetables incuding brassica, cucurbit, fruiting, and leafy vegetables, as well as greenhouse-grown aubergine, pepper, and tomato",736994-63-1,"Health: H315, H319, H335Environment: H400, H410",1.0,1.60 X 10 e-01,34.4,> 2250,> 5000,> 945,-,> 0.0934,> 12.6,-,> 0.020,-,> 12.1,> 13.0,-
Cyazofamid,Potatoes; Tomatoes; Turf; Ornamentals; Curcubit vegetables,120116-88-3,"Environment: H400, H410",286,2.96 X 10 e-03,10,> 2000,> 5000,> 500,2.0,> 100,0.56,0.13,0.19,0.11,0.033,0.025,6.2
Cycloxydim,"Sugarbeet; Fodder beet; Mangels; Linseed; Vegetables including brassicas, beans, peas, leeks, carrots, swede; Fruit including strawberries; Potatoes",101205-02-1,Health: H361d,Low risk,4.19 X 10 e-03,0.65,> 2000,3940,> 500,-,> 100,> 220,21.5,> 70.8,62.5,> 100,> 74.9,4.5
Cyflufenamid,"Curcubits including cucumber, courgette, melon & summer squash; Cereals",180409-60-3,"Health: H332Environment: H400, H410, H411",528,2.21 X 10 e-02,33.8,> 2000,> 5000,> 500,0.667,> 100,1.04,0.024,> 1.73,0.041,-,> 0.828,4.3
Cyflumetofen,"Fruit including citrus, grapes, apples, pears, plums, strawberries; Tomatoes; Cucumber; Tree nuts",400882-07-7,"Health: H317, H332Environment: H400",170,5.35 X 10 e-03,9,> 2000,> 2000,> 1000,-,> 102,> 0.63,> 0.072,> 0.063,> 0.065,-,0.037,1.39
Cymoxanil,Potatoes; Tomatoes; Grapes; Hops; Sugarbeet; Vines,57966-95-7,"Health: H302, H317, H361fd, H373Environment: H400, H410",Low risk,3.24 X 10 e-03,1.7,> 486,356,> 1000,6.6,> 100,29,0.22,27,0.067,> 0.7,0.254,0.3
Cypermethrin,"Cereals including wheat, barley, oats, rye, triticale; Vegetables including peas & beans, brassicas; Oilseed rape; Sugarbeet, fodder beet and mangels; Potatoes; Apples; Pears; Grassland",52315-07-8,"Health: H301; H335. H373Environment: H400, H410",331,5.35 X 10 e-03,22.1,> 9520,287,> 100,> 5.3,0.023,0.00151,0.00003,0.00021,0.00004,-,> 0.0667,3
Cyprodinil,"Fruit including grapes, apples, pears, plums, strawberries; Almonds; Ornamentals; Cereals",121552-61-2,"Health: H361f, H317Environment: H400, H410",393,4.04 X 10 e-02,64.0,> 500,> 2000,192,6.7,> 75,2.41,0.083,0.033,0.0088,7.71,2.6,12.5
Cyprosulfamide,N/A,221667-31-8,-,-,Cannot be calculated,-,-,> 2000,-,-,-,> 106,-,> 102,-,> 104,> 99.7,-
Daminozide,"Ornamentals including azealeas, bedding plants and plugs, chrysanthemums, foliage plants, hydrangers; Tree fruit including peaches, cherries, prunes, pears",1596-84-5,"Health: H351, H315, H319",Low risk,1.43 X 10 e-04,0.12,> 2250,> 5000,> 1000,684,> 250,64,1.7,75.5,> 1.7,> 147.2,> 100,No data
Dazomet,Golf-greens; Turf; Ornamentals; Nursery sites; Potting soil; Strawberry plots; Tomatoes; Tobacco,533-74-4,"Health: H302, H319Environment: H400, H410",3.1,4.75 X 10 e-04,0.52,> 415,415,6.5,-,> 50,0.3,26.0,19.0,-,3.5,0.275,0.45
Deltamethrin,"Sugar beet; Cauliflower; Wheat; Tomatoes; Lettuce; Maize; Sweetcorn; Potatoes; Olives; Top fruit; Commercial, industrial and public buildings; Public health situations; Stored produce",52918-63-5,"Health: H301, H331Environment: H400, H410",1400,5.35 X 10 e-03,58.2,> 2250,87,> 645,0.165,0.0015,0.00015,< 0.000032,0.00056,0.0000041,> 0.000405,> 0.00047,17
Dicamba,"Cotton; Sugarcane; Soybeans; Sorghum; Asparagus; Grass seed crops; Non-cropland; Cereals including wheat, triticale, oats, maize, rye",1918-00-9,"Health: H302, H318Environment: H412",15,3.93 X 10 e-03,9.62,188,1465,> 1000,51.25,> 89.5,> 100,180,> 41.0,=> 97,32.0,> 87,40
Dichlorprop-P,"Cereals including wheat, barley, oats, triticale, rye; Non-cropped land; Fruit especially citrus (growth), apple & pear orchards (weed control)",15165-67-0,"Health: H302, H315, H317, H318",Low risk,9.25 X 10 e-03,6.5,250,567,> 500,309,> 200,> 46.6,> 100,> 100,> 100,4.1,67,14
Difenoconazole,"Vegetables including carrots, asparagus, brassicas; Potatoes; Cereals including barley, oats, rye, wheat, triticale; Sweetcorn; Beets; Cotton; Canola; Tomato; Pome fruits",119446-68-3,"Health: H302, H318, H319, H332Environment: H400, H410",330,1.76 X 10 e-02,133,> 2150,1453,> 610,0.2,> 100,1.1,0.023,0.77,0.0056,2.5,0.032,2.8
Diflufenican,Clover-based pastures; Field peas; Lentils; Lupins; Winter cereals; Soybeans; Corn,83164-33-4,Environment: H412,1276,3.89 X 10 e-02,94.5,> 2150,> 5000,> 500,> 500,> 100,> 0.099,0.015,> 0.24,0.052,0.056,0.00025,-
Dimethachlor,Winter oilseed rape; Soybeans; Sugarbeet,50563-36-5,"Health: H302, H317Environment: H400, H410",75,2.50 X 10 e-03,7.37,524,>= 2000,70,29.0,> 200,5.9,0.85,24,2.3,0.066,0.053,15.7
Dimethenamid-P,"Soybeans; Vegetables including beans, onions, cabbage; Peanuts; Grapevines; Ornamentals; Sugarbeet; Sunflowers; Stone fruit",163515-14-8,"Health: H302, H317Environment: H400",Low risk,5.49 X 10 e-02,11,1068,429,294.4,25.4,> 200,2.6,2.5,3.2,1.25,0.0060,0.019,24
Disodium phosphonate,Grapes,13708-85-5,Environment: H412,Low risk,1.30 X 10 e-01,187,> 675,> 2000,> 944,7.1,-,> 61.26,-,> 61.26,-,-,> 61.26,-
Dithianon,Apples; Pears; Grapes (table & wine); Blackcurrants,3347-22-6,"Health: H302Environment: H400, H410",27,1.28 X 10 e-02,10.5,309,300,578,22.3,> 100,0.07,0.02,0.26,0.05,-,0.09,0.05
Dodine,"Tree fruit including apple, pear, peach, cherry; Strawberries; Walnuts; Sycamore; Onions; Roses",2439-10-3,"Health: H302, H315, H319Environment: H400, H410",16,5.35 X 10 e-03,4.7,857,851,547,171,145,0.57,0.099,0.018,0.0044,-,0.0028,0.18
Esfenvalerate,"Potatoes; Peas & beans; Curcubits; Grassland; Cereals including wheat, barley; Ornamentals; Non-agricultural situations such as schools, industrial sites, public buildings",66230-04-4,"Health: H301, H317, H331, Environment: H400, H410",3250,5.35 X 10 e-03,66.6,1312,88.5,5.3,0.55,0.07,0.0001,0.00025,0.00027,0.000052,-,0.0065,30
Ethephon,"Cereals; Fruit including pineapples, bush fruit; Coffee; Ornamentals; Tobacco; Rubber",16672-87-0,"Health: H302, H311, H314, H332Environment: H411",Low risk,1.11 X 10 e-02,13.1,764,1564,> 165.4,>= 200,> 100,> 100,43,90.4,67,1.5,> 2.86,2.4
Ethofumesate,"Sugarbeet; Red beet; Fodder beet; Onions, gallic & shallots; Carrots; Grass seed crops; Oilseed poppies",26225-79-6,Environment: H411,144,2.99 X 10 e-01,21.6,> 2000,> 2000,134,> 4.42,> 50,10.92,0.156,13.52,0.25,> 52.8,3.9,20
Etofenprox,Fruit; Vegetables; Paddy fields,80844-07-1,"Health: H362Environment: H400, H410",-,5.35 X 10 e-03,11,> 2000,> 2000,> 24.6,-,> 0.038,0.0027,0.0032,0.0012,0.000054,-,> 0.15,5.7
Fenhexamid,Strawberries; Grapes; Kiwi fruit; Ornamentals,126833-17-8,Environment: H411,185,5.09 X 10 e-05,0.43,> 804.4,> 5000,> 500,> 9.9,207,1.34,0.101,> 18.8,> 1.01,> 1.0,> 26.1,4.92
Fenoxaprop-P,Turf; Ornamentals; Rice,113158-40-0,"Health: H317. H373Environment: H400, H410",-,1.44 X 10 e-02,5.0,-,> 1000,1000,100,> 100,> 68.8,3.2,126,1.0,> 100,69.9,10
Fenpicoxamid,"Spring and winter cereals including soft wheat, durum wheat, rye and tritical; Rice; Bananas",517875-34-2,"Environment: H400, H410",18.36,5.35 X 10 e-03,3.5,> 2000,> 2000,-,9.93,> 202.4,0.0022,0.00037,0.00093,-,-,> 0.522,0.26
Fenpropidin,Cereals including wheat and barley,67306-00-7,"Health: H302, H317, H318, H332, H335, H373Environment: H400, H410",163,5.35 X 10 e-03,90,1899,1452,> 500,10,46.0,1.93,0.32,0.54,0.54,0.079,0.0057,1.8
Fenpyroximate,"Fruit including citrus, apples, pears, peaches, grapes, strawberries, currants; Tree nuts; Ornamentals; Sugarbeet",134098-61-6,"Health: H301, H330, H317Environment: H400, H410",1601,5.73 X 10 e-03,135.1,> 2000,245,34.7,2.71,> 15.8,0.00105,0.00019,0.00328,0.00016,-,0.0094,2.91
Ferric phosphate,Food and non-food crops,10045-86-0,"Health: H315, H319, H335Environment: H412",20,Cannot be calculated,5,> 2000,> 5000,> 10,6.7,> 100,> 17.0,> 19,> 100,> 100,-,> 100,-
Ferric pyrophosphate,All edible and ornamental crops,10058-44-3,Health: H319,-,Cannot be calculated,-,> 2000,> 2000,> 1000,> 1000,> 100,> 134,-,> 0.092,-,-,> 0.0212,-
Flazasulfuron,Turf; Citrus; Grapes; Olives; Sugarcane; Non-cropped areas,104040-78-0,"Environment: H400, H410",Low risk,2.32 X 10 e-02,41.2,> 2000,> 5000,> 15.75,8.0,> 100,22,5,> 25,6.25,0.00004,0.014,15
Flonicamid,"Fruit including apples, pears, peaches, plums, melons, cherries; Cereals including wheat, barley, oats, rye, triticale; Potatoes; Cucumbers; Tomatoes; Aubergine; Various vegetables",158062-67-0,Health: H302,Low risk,3.40 X 10 e-03,0.93,1591,884,> 1000,250,> 100,> 100,10,> 100,3.1,> 119,> 100,27.9
Florasulam,Wheat; Barley; Oats; Rye; Triticale,145701-23-1,"Environment: H400, H410",1.5,3.72 X 10 e-02,1.85,1046,5000,> 1320,0.203,> 100,> 100,> 119,> 292,38.9,0.001,0.00894,18
Florpyrauxifen-benzyl,Rice,1390661-72-9,Health: H317Environment: H410,326,5.35 X 10 e-03,150,> 2250,> 5000,-,67.5,> 100,> 0.049,-,> 0.0626,0.0378,> 0.0461,> 0.0337,3.3
Fluazifop-P,Soybeans; Carrots; Spinach; Potatoes; Ornamentals,83066-88-0,"Health: H361dEnvironment: H400, H410",-,3.24 X 10 e-01,25,-,> 2000,-,-,> 200,-,-,-,-,-,-,45
Fluazinam,Peanuts; Potatoes; Grape vines; Fruit including citrus and apples; Crucifers,79622-59-6,"Health: H317, H318, H332, H361dEnvironment: H400, H410",1018,1.90 X 10 e-02,124,1782,> 4100,> 500,< 0.175,> 200,0.035,0.00069,0.22,0.01,53.6,0.16,4.5
Fludioxonil,"Fruit including apples, soft fruit, cranberries, pear, quince, grapes, strawberry and currants; Vegetables including peas, beans; Ornamentals; Wheats; Oats",131341-86-1,"Health: H361fEnvironment: H400, H410, H412",366,1.15 X 10 e-02,234,> 2000,> 5000,>= 1000,10,> 100,0.23,0.04,0.4,0.005,0.92,0.024,-
Flufenacet,Corn; Soybeans; Winter wheat; Winter barley; Winter rye; Potatoes; Sunflowers; Asparagus; Cotton; Chilli; Tobacco,142459-58-3,"Health: H302, H317, H373Environment: H400, H410",71.4,1.59 X 10 e-01,12.1,1608,598,219,> 10.0,> 100,2.13,0.2,30.9,3.26,0.002,0.00204,29.35
Flumioxazin,Soybeans; Peanuts; Vegetables; Fruit; Ornamentals; Forestry; Aquatic areas,103361-09-7,"Health: H360DEnvironment: H400, H410",Low risk,2.59 X 10 e-02,21.9,> 2250,> 5000,> 491,31,> 200,2.3,0.37,5.9,0.057,0.00035,0.000852,2
Fluopicolide,"Grapes; Hops; Potatoes; Various vegetables including onions, roots and tubers",239110-15-7,"Environment: H400, H410",121,4.34 X 10 e-01,271,> 2250,> 5000,> 500,62.5,> 100,0.36,0.155,> 1.8,0.37,> 3.2,0.029,91.4
Fluopyram,"Potatoes; Sugarbeet; Fruit including apples, grapes and strawberries; Cotton; Soybean",658066-35-4,Environment: H411,18,4.46 X 10 e-01,309,> 2000,> 2000,> 1000,11.42,> 100,> 0.98,0.135,> 100,1.25,2.32,> 1.13,20.5
Fluoxastrobin,"Vegetables; Turf; Peanuts; Potatoes; Onions; Cereals including wheat, rye, triticale, barley, oats",361377-29-9,"Health: H317Environment: H400, H410",52.1,6.36 X 10 e-02,58.8,> 2000,> 2000,> 500,89,> 200,0.435,0.0286,0.48,0.18,> 6,0.35,29
Flupyradifurone,Vegetables; Fruits; Grapes; Date palm; Coffee; Cocoa,951659-40-8,"Health: H302, H373Environment: H400, H410, H412",-,1.77 X 10 e00,57.1,232,> 300,185.6,-,> 200,> 70.5,4.4,> 77.6,3.2,> 67.7,> 100,31.4
Fluroxypyr,"Rangeland; Permanent pasture; Non-crop areas; Cereals including wheat, corn; Orchards; Vineyards",69377-81-7,Environment: H412,62.1,2.33 X 10 e-03,13.1,> 2000,> 2000,> 64.8,3.05,> 180,14.3,100,> 100,56,12.3,49.8,10.5
Flutianil,Grapevines; Ornamentals,958647-10-4,Environment: H410,339,5.35 X 10 e-03,286,> 2250,> 2000,> 500,6.25,> 100,> 0.870,0.000781,> 1.0,0.007,-,> 0.085,1.0
Flutolanil,"Potatoes; Rice; Turf; Cereals; Sugarbeet; Some ornamentals e.g. Tulip, Iris",66332-96-5,"Environment: H400, H410, H411",100,1.23 X 10 e-01,400,> 2000,> 10000,> 500,12.9,> 200,5.4,0.233,> 6.8,0.29,8,> 3.2,90.5
Fluxapyroxad,"Cereals; Legumes; Oilseeds including OSR, sunflowers; Top and stone fruit; Tuber and root vegetables; Peanuts; Tomato",907204-31-3,"Health: H362Environment: H400, H410",36,1.84 X 10 e-01,183,> 2000,> 2000,> 1000,21.3,> 100,0.466,0.036,6.78,0.5,2.19,0.70,4.4
Folpet,"Fruits including apples, cherry, berries, wine grapes; Ornamentals including roses; Vegetables; Tomatoes; Cereals",133-07-3,"Health: H330, H318, H317, H372, H351Environment: H400, H410",56,1.48 X 10 e-03,9.0,> 2510,> 2000,> 500,3.84,> 100,0.015,0.011,0.02,0.002,-,> 0.161,0.02
Foramsulfuron,Corn; Golf courses; Lawns; Athletic fields; Recreational areas,173159-57-4,Environment: H412,Low risk,2.33 X 10 e-01,25.4,> 2000,> 5000,453,>= 2.75,> 100,> 100,10.5,100,> 100,0.001,8.1,25.2
Formetanate,"Tomatoes; Ornamentals; Fruit including apples, pears peaches, nectarines, citrus; Alfalfa",22259-30-9,"Health: H300, H317, H330Environment: H400, H410",1,1.32 X 10 e-02,9.4,11.5,21,1048,1.8,1.02,4.3,0.48,0.0017,0.0011,-,1.2,0.3
Fosetyl,"Fruit including grapes, apples, pears raspberry, blackberry, strawberry; Ginseng; Lettuce; Onion; Broccoli; Tobacco; Turf; Ornamentals",15845-66-6,Health: H318,Low risk,Cannot be calculated,0.1,> 8000,> 2000,> 1000,-,> 100,> 122,-,-,-,-,> 5.9,-
Fosthiazate,Potatoes; Tomatoes; Vegetables,98886-44-3,"Health: H301, H311, H319, H317, H331, H362, H361d, H361f, H370, H373Environment: H400, H410",3.2,4.89 X 10 e-02,26.8,10,57,209,25,0.256,114,2.4,0.282,0.06,-,> 4.51,15
Glyphosate,"Agriculture including cereals; Soybeans, Glyphosate tolerant crops; Horticulture; Forestry; Domestic gardens; Lawns",1071-83-6,Handling: GHS05Health: H318Environment: H411,0.5,5.56 X 10 e-03,17.3,> 2000,> 2000,> 5600,> 21.31,> 100,> 100,32,> 100,12.5,12,19.0,9.9
Halauxifen-methyl,Wheat; Barley,943831-98-9,"Environment: H400, H410, H411",217,4.71 X 10 e-02,1.3,> 2250,> 5000,> 500,5.0,> 98.1,1.33,0.0115,2.21,0.144,2.13,> 0.855,1.8
Hexythiazox,"Fruit including apples, pears, stone fruit, citrus, grapes; Nuts; Turf; Cotton; Cucumber",78587-05-0,"Environment: H400, H410",1100,5.32 X 10 e-03,30,> 2000,> 5000,> 52.5,-,> 200,3.2,0.04,> 0.36,0.0061,-,> 0.4,11.5
Hymexazol,Rice; Sugarbeet; Fodder beet; Vegetables; Tomatoes; Ornamentals,10004-44-1,"Health: H302, H318Environment: H412",0.49,1.13 X 10 e-02,30,> 1085,1600,281.9,-,> 100,> 100,> 100,28,0.8,8.8,36,5.8
Imazalil,"Fruit including citrus, apples, pears bananas; Cucumbers; Roses; Barley; Wheat",35554-44-0,"Health: H301, H318, H332. H351Environment: H410",56.3,5.47 X 10 e-03,76.3,510,227,271,-,39,1.48,0.043,3.5,-,-,0.87,7.8
Imazamox,Aquatic situations; Edible legumes; Soybeans; Alfalfa; Sunflowers; Winter OSR,114311-32-9,"Environment: H400, H410",0.1,3.32 X 10 e-01,200.2,> 1846,> 5000,> 901,5.85,> 58,> 122,> 1.22,> 100,137,0.011,> 29.1,132
Iodosulfuron,Cereals including corn; Turf; Soybean,185119-76-0,"Environment: H400, H410",-,5.12 X 10 e-03,6,> 2000,> 2500,> 1000,-,> 150,> 100,-,> 100,-,-,-,-
Iprovalicarb,Ornamentals; Potatoes; Grapes; Tomatoes,140923-17-7,Health: H351,10,8.45 X 10 e-02,15.5,> 2000,> 5000,> 1000,3.37,> 200,> 22.7,9.89,> 19.8,1.89,-,> 10,54
Isofetamid,"Grapes; Salad crops including head and leaf lettuce, cucumber; Rapeseed; Almonds; Kidney beans; Low growing berry crops; Turf",875915-78-9,Health: H361d,-,7.23 X 10 e-02,37.1,> 2000,> 2000,> 500,10.37,> 100,2.27,0.18,4.7,0.18,-,> 4.3,-
Isoxaben,Tree-nut plantations; Orchards; Vinyards; Ornamental trees and shrubs; Winter cereals,82558-50-7,Environment: H413,70.5,3.43 X 10 e-01,105,> 2000,> 10000,> 500,3.34,> 100,> 1.1,0.87,> 1.3,0.69,0.011,> 1.4,8.8
Isoxadifen,N/A,209866-92-2,-,-,Cannot be calculated,-,-,-,-,-,-,-,-,-,-,-,-,-
Isoxaflutole,Maize; Sugar cane,141112-29-0,"Health: H361dEnvironment: H400, H410",11,8.47 X 10 e-04,0.9,> 2150,> 5000,> 500,8.9,> 100,> 1.7,0.08,> 1.5,0.35,0.016,0.12,0.36
Kresoxim-methyl,"Sugarbeet; Fruit including apples, grapes, pears; Curcubit vegetables; Pecans",143390-89-0,"Health: H351Environment: H400, H410",220,3.35 X 10 e-04,16,> 2150,> 5000,> 469,-,> 100,0.19,0.013,0.186,0.032,0.301,0.063,0.85
Lambda-cyhalothrin,Cotton; Cereals; Potatoes; Hops; Vegetables,91465-08-6,"Health: H301, H312, H330Environment: H400, H410",4982,5.35 X 10 e-03,175,> 3950,56,> 500,3.125,0.038,0.00021,0.000031,0.00023,0.0000022,-,> 0.005,0.24
Lenacil,Sugarbeet; Red beet; Fodder beet; Mangels; Sugarcane; Ornamentals; Currants; Gooseberries; Spinach; Turnips,2164-08-1,"Health: H351Environment: H400, H410",18,2.94 X 10 e-01,49.7,> 2000,> 5000,> 1000,1000,> 227.2,> 2.0,2.3,> 8.4,0.48,0.019,0.0077,91
Magnesium phosphide,Animal feeds; Tobacco; Processed food commodities; Indoor areas and uncropped land; Bulked grain,12057-74-8,"Health: H300, H311Handling: H260Environment: H400",-,Cannot be calculated,0.24,49,10.4,> 663.5,-,-,0.0093,-,-,-,-,-,-
Maleic hydrazide,"Lawns; Amenity turf; Non-cropped areas; Fruit including citrus; Potatoes; Carrots; Onions, shallots & garlic; Tobacco; Ornamental shrubs",123-33-1,"Health: H315, H319, H341, H335",Low risk,2.69 X 10 e-03,0.8,4640,> 2000,> 1000,151.5,> 100,> 1000,9.6,107.7,0.95,> 110,> 100,106
Mandestrobin,Cereals; Oilseed rape; Fruit; Nuts; Beans,173662-97-0,"Environment: H400, H410",-,3.19 X 10 e-03,140,> 2225,> 2000,84,3.75,> 100,0.94,-,1.2,-,> 2.3,> 11.2,-
Mandipropamid,Grapes; Potatoes; Tomatoes; Curcubits,374726-62-2,"Environment: H400, H411",48,2.09 X 10 e-02,49.1,> 1000,> 5000,> 500,> 16.0,> 200,> 2.9,0.5,7.1,0.87,> 4.4,> 19.8,Stable
MCPA,Wheat; Oats; Tritical; Rye; Establish grass; Lindseed; Asparagus; Citrus,94-74-6,"Health: H302, H318Environment: H400, H411",1,2.86 X 10 e-01,12.07,377,962,325,-,> 200,> 100,15,> 190,56.0,> 3.2,79.8,13.5
Mecoprop-P,"Lawns; Sports fields; Golf courses; Fairways; Cereals including wheat, barley, oats, triticale",16484-77-8,"Health: H361, H302, H318Environment: H411",3,2.07 X 10 e-01,5.24,> 500,431,> 988,10.8,> 83.0,> 93,> 50,> 91,22.7,1.6,16.2,92
Mefenpyr,N/A,135591-00-3,Environment: H411,-,Cannot be calculated,-,-,> 5000,-,-,-,-,-,-,-,-,-,-
Mefentrifluconazole,Cereals,1417782-03-6,"Health: H317Environment: H400, H410",-,2.26 X 10 e-02,268,816,> 2000,> 500,2.65,> 100,0.532,-,0.944,0.016,2.02,1.352,7.2
Mepiquat,"Cereals including wheat, oats, barley, rye, triticale; Grass; Onions; Leeks; Garlic",15302-91-7,Health: H302Environment: H412,2.0,Cannot be calculated,-,> 2000,1490,> 3195,31.25,> 100,> 100,100,68.5,12.5,15.4,> 44.8,-
Mesosulfuron,"Cereals including spring wheat, winter wheat, durum wheat",400852-66-6,"Environment: H400, H410",-,5.19 X 10 e-01,56.1,> 2000,> 5000,> 1000,125.0,> 13,> 100,95.0,> 100,-,-,-,-
Mesotrione,"Maize; Sweetcorn; Flax; Asparagus; Fruit including cranberry, blueberry, rhubarb",104206-82-8,"Environment: H400, H410",Low risk,4.13 X 10 e-03,19.6,> 3776,> 5000,> 2000,10.85,> 100,> 120,12.5,> 622,180,0.022,3.5,5.3
Metalaxyl,"Many agricultural crops including tobacco, potaoes, soybean, onions, citrus, cucubits, tomatoes, cotton; Ornamentals; Turf",57837-19-1,Health: H302; H317Environment: H412,7,5.61 X 10 e-02,36,1466,> 669,> 1000,40,200,0.96,-,3.47,> 1.0,85,0.42,56
Metalaxyl-M,"Potatoes; Tomatoes; Hops; Lettuce; Vegetables; Tobacco; Sunflower, Spinach; Grapes; Sugar beet; Fodder beet; Vining peas; Peaches",70630-17-0,"Health: H302, H318",15,1.07 X 10 e-01,6.64,981,375,830,35.63,> 100,> 100,9.1,> 100,1.2,69.5,36,24.8
Metaldehyde,"Ornamentals; Fruit trees and bushes; Various other fruits including avocado, citrus and berries; Vegetables including broccoli, cauliflower, cabbage and articokes",108-62-3,Health: H302Handling: H228,11,4.24 X 10 e-03,5.1,196,283,> 1000,32,> 113,75,37.5,> 78.4,90,-,75.9,11.5
Metamitron,Sugarbeet; Fodder beet; Mangels; Red beet; Pome fruit,41394-05-2,Health: H302Environment: H400,75,4.86 X 10 e-02,30,1302,1183,914,28.0,> 100,>= 190,7.0,5.7,10,0.4,0.4,10.5
Metazachlor,Winter and spring OSR; Brussel spouts; Maize; Peanuts; Sugarcane; Cotton; Tobacco; White cedar; Rhododendron; Pivet; Lilac Alder; Grey willow; Spruce,67129-08-2,"Health: H317, H351Environment: H400, H410",Low risk,1.08 X 10 e-02,8.6,> 2000,3480,500,> 2.31,> 100,8.5,2.15,33,0.1,0.0023,0.0162,216
Metconazole,"Cereals including wheat, barley, rye, oats; OSR; Fruit including blueberry, cherry, gooseberry, nectarine, peach, plum; Pistachio; Turf and sod",125116-23-6,"Health: H302, H361dEnvironment: H411",105.1,8.60 X 10 e-02,142.2,787,595,> 500,> 20,> 100,2.1,1.14,4.2,0.16,0.527,1.7,8
Metobromuron,Sunflowers; Potatoes; Tomatoes; Soybeans; Tobacco,3060-89-7,"Health: H302, H332, H317, H373Environment: H410",Low risk,1.14 X 10 e-01,34.3,1429,> 10000,233,-,> 200,43.0,0.25,44.1,>= 10,0.31,0.63,16.2
Metrafenone,Wheat; Barley; Oats; Rye; Triticale; Grapes,220899-03-6,"Environment: H400, H410",530,1.79 X 10 e-02,200.9,> 2025,> 5000,> 500,50.89,> 100,> 0.82,0.228,> 0.92,0.225,0.327,0.71,3.9
Metsulfuron,Cereals; Land removed from production,79510-48-8,"Environment: H400, H410",Low risk,Cannot be calculated,-,> 5000,> 5000,> 1000,-,> 25,> 150,-,150,-,-,-,-
Napropamide,"Vegetables, Fruit tree and bushes; Vines; Tobacco; Olives; Sunflowers; Turf; Oilseed rape; Ornamentals",15299-99-7,-,96,1.20 X 10 e-01,166,> 2250,> 5000,282.0,16.3,> 100,13.0,1.1,14.3,22.4,0.16,4.15,12.2
Nicosulfuron,Maize,111991-09-4,"Environment: H400, H410",Low risk,1.38 X 10 e-01,29.5,> 2000,> 5000,> 1000,100,> 50,65.7,10.0,90.0,5.2,0.002,71.2,83.8
Oxathiapiprolin,"Fruiting vegetables including tomatoes, aubergines, peppers, and curcubits; Lettuce; Grapes; Melons; Potatoes; Herbs",1003318-67-9,"Environment: H400, H410",62,8.64 X 10 e-03,121.2,> 2250,> 5000,> 1000,=> 1000,> 100,> 0.69,> 0.46,> 0.67,=> 0.75,> 0.79,> 0.351,9.5
Paclobutrazol,Mango; Cotton; Corn; Chilli; Bonzi production; Grape vines,76738-62-0,"Health: H302, H312, H319, H332, H361Environment: H400, H410Handling: H228",44,1.33 X 10 e-01,112,> 2100,1336,> 500,0.845,> 40,23.6,3.3,33.2,0.32,0.0082,7.2,164
Penconazole,"Vines; Fruit including apples, pears, peaches, plums, apricots, strawberries; Ornamentals; Hops; Vegetables; Cucumbers; Tomatoes",66246-88-6,"Health: H302, H361dEnvironment: H400, H410",320,3.02 X 10 e-02,117,> 1590,> 2000,> 331.5,-,> 3.0,1.13,0.36,6.75,0.06,0.19,4.9,2
Pendimethalin,"Wheat & other small grain cereals; Corn; Soybeans; Maize; Fruit; Vegetables including beans & peas, carrots; Turf & lawns; Potatoes; Vineyards; Peanuts",40487-42-1,"Health: H317Environment: H400, H410",5100,5.35 X 10 e-03,182.3,1421,4665,> 1000,33.45,100,0.196,0.006,0.147,0.0145,0.022,0.004,4
Penoxsulam,Lawns; Rice; Cereals; Orchards; Olives; Chicory,219714-96-2,"Environment: H400, H410",-,1.01 X 10 e-02,21.9,> 2000,> 5000,> 1000,> 115.5,> 100,> 100,10.2,> 100,2.95,0.002,> 0.233,27.2
Penthiopyrad,Cereals including wheat; Potatoes; Sugarbeet; Turf; Legumes; Vegetables; Soybeans,183675-82-3,"Environment: H400, H410",186,1.36 X 10 e-02,121.5,> 2250,> 2000,> 500,> 48,> 500,0.29,0.051,> 1.38,0.47,1.21,> 1.58,9.9
Pethoxamid,Corn; Winter OSR; Soybeans; Peas and beans; Tobacco,106700-29-2,"Health: H302, H317Environment: H400, H410",Low risk,5.21 X 10 e-02,6.3,1578,983,316,0.8,> 200,2.2,1.1,23,2.8,0.0247,> 149,8.0
Phenmedipham,Sugar beet; Fodder beet; Red beet; Mangels; Spinach; Swiss chard; Strawberries,13684-63-4,"Environment: H400, H410",165,2.10 X 10 e-02,12,> 2500,> 5000,36,>= 10,> 100,1.84,0.041,2.033,0.061,> 0.157,0.086,0.2
Phosphane,Stored grain; Stored animal feed; Leaf-stored tobacco; Cotton seed; Coffee; Cacoa; Tree nuts; Oilseeds,7803-51-2,"Health: H330, H314Handling; H280, H220",1.16,Cannot be calculated,0.2,-,< 40,-,-,-,0.007,-,0.2,-,-,-,-
Picloram,OSR; Non-cropped areas; Rangeland,1918-02-1,"Health: H302, H312, H319, H332, H335Environment: H400, H410, H412",74,1.07 X 10 e00,23.0,> 1944,4012,> 4475,0.167,> 83.5,8.8,0.55,44.2,6.79,102,> 78.69,80.8
Picolinafen,Winter wheat; Winter barley; Winter rye; Triticale,137641-05-5,"Environment: H400, H410",617,5.35 X 10 e-03,6.1,> 2250,> 5000,> 500,1.675,> 200,> 0.68,0.0064,> 0.45,0.007,0.057,0.00018,1.3
Pinoxaden,"Cereals including winter & spring barley, winter wheat, durum wheat, Rye, Triticale",243973-20-8,"Health: H315, H317, H319, H332, H335, H361dEnvironment: H400, H412",Low risk,1.43 X 10 e-04,0.5,> 2250,> 5000,> 500,-,> 100,10.3,3.2,52.0,-,3.5,0.91,0.27
Piperonyl butoxide,N/A,51-03-6,"Health: H330, H361Environment: H400, H410",260,5.35 X 10 e-03,13,> 2250,> 7220,-,-,294,5.3,-,0.51,0.12,-,0.24,-
Pirimicarb,"Wheat; Fruit including strawberries, apples, citrus; Vegetables; Potatoes; Beet crops; Cotton; OSR; Tobacco; Grasshouse crops; Ornamentals",23103-98-2,"Health: H301, H317, H331,H351, H370, H373Environment: H400, H410",24,2.28 X 10 e-02,73.6,20.9,142,653,5.46,17.8,79,< 18,0.017,0.0009,-,140,22.0
Potassium bicarbonate,"Fruit including grapes, strawberries; apples; Vegetables; Aubergine; Tomatoes; Hemp",298-14-6,"Health: H319, H335",20,7.34 X 10 e-04,0.1,> 1000,> 2064,> 1000,-,> 368,> 1200,-,> 860,-,-,> 87.5,-
Potassium phosphonates,"Fruit including avocados, apples, grapes; Ornamentals; Trees; Salad leaves and lettuce; Garlic and shallots; Sprouts and shoots",13977-65-6,"Health: H302, H315, H320, H335",20,2.85 X 10 e-01,142,> 2250,> 5000,> 1000,182.5,-,> 118,100,> 118,-,-,-,-
Prohexadione,"Cereals including barley, oats and wheat; Turf; Apples; Pears; Peanuts",88805-35-0,Health: H317,Low risk,3.21 X 10 e-02,0.7,> 2000,> 5000,> 1000,-,> 100,> 100,100,> 100,100,> 1.2,> 100,1.8
Propamocarb,Turf; Ornamentals; Tobacco; Vegetables; Potatoes; Strawberries; Cucumbers; Tomato; Lettuce,24579-73-5,Health: H302,Low risk,Cannot be calculated,14,-,> 2000,-,-,> 100,96.8,-,106,-,-,301,-
Propaquizafop,Sugarbeet; Oilsed rape; Soybean; Sunflower; Vegetables; Fruit; Potatoes,111479-05-1,"Health: H317, H332Environment: H410, H410Limited and weak evidence of carcinogenicity",583,2.05 X 10 e-01,2.1,> 2000,> 5000,> 500,1.95,> 200,0.19,0.019,> 0.9,0.44,> 1.4,> 2.1,<1
Propoxycarbazone,"Winter, Spring & Durham wheat",145026-81-9,"Environment: H400, H410",-,1.07 X 10 e00,39.6,> 200,> 2000,> 1000,1.25,> 200,> 77.2,-,0.0064,-,-,-,-
Propyzamide,"Alfalfa; OSR; Beans; Root crops; Fruit including apples, blackberry, boysenberry, blueberry, cherry, peach, pear, plum, prunes, grapes and others; Artichoke; Clover; Endive and various head lettuce; Ornamentals; Non-cropped and utility sites",23950-58-5,"Health: H351Environment: H400, H410",49,3.21 X 10 e-02,50.5,6578,> 5000,> 173,3.3,> 136,> 4.7,0.94,> 5.6,0.6,1.4,2.8,21
Proquinazid,"Cereals including wheat, barley, oats, rye, triticale; Grapes",189278-12-4,"Health: H351Environment: H400, H410",813,5.35 X 10 e-03,74.0,> 2250,> 4846,> 1000,25.45,> 197,0.349,0.003,0.287,0.0018,> 0.2,0.684,0.78
Prosulfocarb,Cereals including winter wheat and winter barley; Potatoes,52888-80-9,"Health: H302, H317Environment: H411",700,1.07 X 10 e-02,11.9,> 2250,1820,71.8,-,> 80,0.84,0.31,0.51,0.045,0.69,0.049,0.94
Prosulfuron,Sorghum; Millet; Winter wheat; Forage and grain maize; Soybean,94125-34-5,"Health: H302Environment: H400, H410",0.13,1.26 X 10 e-01,62.1,> 1300,546,> 1000,0.73,> 100,> 100,5.8,> 120,148,0.00126,0.0089,103
Prothioconazole,"Cereals including barley, rye, wheat, oats",178928-70-6,"Environment: H400, H410, H411",43.9,7.17 X 10 e-05,14.1,> 2000,> 6200,> 1000,5.3,> 100,1.83,0.308,1.3,0.56,> 0.18,2.18,0.37
Pyraclostrobin,"Cereals including wheat, barley, oats; forage & grain maize, triticale; Sugarbeet; Potatoes; Vegetables including brassicas, carrot; beans, vining peas; Fruit including strawberry, blackcurrants",175013-18-0,"Health: H302, H361d, H373, H335, H331Environment: H400, H410",712,5.70 X 10 e-03,2.2,> 2000,> 5000,567,11.6,> 100,0.0062,0.0045,0.016,0.004,1.077,> 0.843,3.6
Pyraflufen-ethyl,Potatoes; Vines; Non-cropped areas; Turf,129630-19-9,"Environment: H400, H410",-,2.02 X 10 e-04,0.32,> 2000,> 5000,> 500,>= 250,> 100,> 0.100,0.0034,> 0.100,100,0.0026,0.00023,0.1
Pyridate,"Cereals; Brassicas including cauliflowers, kohlrabi, broccoli, Brussels; Alliums including onions, shallots, chives, leek; Fodder beet; Lupins; Rape",55512-33-9,"Health: H315, H317Environment: H400, H410",116,5.35 X 10 e-03,0.8,1269,> 2000,125.0,-,> 100,> 1.01,0.08,0.49,0.01,> 2.0,> 0.75,0.3
Pyrimethanil,"Almonds; Pistachios; Fruit including grapes, stone fruits (except cherries), pome fruits, strawberries; Potatoes and other tuberous and corm vegetables; Tomatoes; Ornamentals; Lettuce",53112-28-0,Environment: H411,Low risk,9.13 X 10 e-02,50.9,> 2000,4150,313,4.12,> 100,2.8,0.077,2.9,0.94,> 30,5.52,8.4
Pyriofenone,Wheat; Barley; Grape vines; Curcubits,688046-61-9,Health: H351Environment: H411,160,1.94 X 10 e-02,72.6,> 2000,> 2000,> 1000,32.0,> 100,> 1.44,1.27,> 1.55,0.0899,-,1.77,-
Pyriproxyfen,Waste dumps; Residences and public places; Some ornamentals,95737-68-1,"Environment: H400, H410",1379,5.35 X 10 e-03,10,> 1906,> 5000,> 500,-,74,> 0.27,0.0043,0.4,0.000015,> 0.18,0.15,1.6
Pyroxsulam,"Cereals including wheat, barley, rye, triticale",422556-08-9,"Health: H317Environment: H400, H410",Low risk,1.19 X 10 e-01,3.3,> 2000,> 2000,> 78.0,1.07,> 100,> 87.0,> 10.1,> 100,> 10.4,0.0026,0.924,-
Quartz sand,Forestry,14808-60-7,"Health: H372, H373, H350",-,Cannot be calculated,730,-,500,-,-,-,> 100,-,> 500,-,-,> 440,Stable
Quinmerac,Cereals; Rape; Beet,90717-03-6,Environment: H412,Low risk,3.61 X 10 e-02,30,> 2000,> 5000,> 1000,0.775,> 100,86.8,3.16,> 100,> 100,96,48.5,88.7
Quizalofop-P-ethyl,Sugarbeet; Fodder beet; Winter and spring OSR; Potatoes; Combining peas; Field beans; Other pulses; Linseed; Sunflowers,100646-51-3,"Health: H302, H312Environment: H400, H410, H413",380,4.67 X 10 e-04,2,> 2000,1182,> 500,250,> 100,0.21,0.044,0.29,0.023,0.098,0.021,1.55
Rimsulfuron,"Maize; Potato; Tomato; Fruit including citrus, apples, pears, cherries, peaches, apricot, grapes; tree nuts; Pistachios",122931-48-0,"Health: H314, H319Environment: H400, H410",Low risk,5.93 X 10 e-02,24.3,> 2250,> 5000,> 1000,-,> 100,> 390,125,> 360,1,0.009,1.2,4
Sedaxane,Cereals; Soybeans; OSR; Potatoes; Rice; Sugarbeet; Sunflowers; Cotton; Pulses,874967-67-6,"Environment: H400, H410",-,1.74 X 10 e-01,108,> 1068,> 2000,> 500,1.4,> 100,1.10,0.165,6.10,0.75,-,1.90,17.3
Silthiofam,"Cereals including winter wheat, barley, triticale",175217-20-6,Environment: H412,98,2.78 X 10 e-01,42.3,> 2250,> 5000,133,0.27,> 100,11,0.89,14,0.47,-,8.6,5
Sintofen,Wheat,130561-48-7,Health: H351Environment: H411,Low risk,2.87 X 10 e-02,230,> 1439,> 5000,20,20,> 100,570,100,238,7.03,4.6,36.9,8.23
Sodium 5-nitroguaiacolate,Sugarbeet; Oilseed rape; Tomatoes; Cotton; Curcubits; Peppers; Potatoes; Strawberry,67233-85-6,"Health: H302, H318, H319Handling: H242Environment: H411",Low risk,4.02 X 10 e-05,0.35,2067,716,> 11.8,-,> 100,37.4,10.9,71.1,-,-,6.2,2.9
Sodium o-nitrophenolate,Oilseed rape; Tomato; Sugarbeet,824-39-5,"Handling: H242Health: H302, H319Environment: H400, H410, H411",Low risk,4.00 X 10 e-04,1.5,1046,960.1,> 23.6,-,> 100,69,26,> 68.8,-,-,4.8,1.9
Sodium p-nitrophenolate,Oilseed rape; Tomato; Sugarbeet,824-78-2,"Handling: H228Health: H302, H312, H315, H319, H332, H335Environment: H411",Low risk,4.43 X 10 e-04,1.23,> 1670,345.5,> 43.4,-,111,25.0,12.5,27.7,-,-,2.5,2.7
Spiroxamine,"Grapes; Cereals including wheat, triticale; barley, oats, rye",118134-30-8,"Health: H302, H312, H315, H317, H332, H373, H261dEnvironment: H400, H410",79,5.35 X 10 e-03,25,565,460,> 500,5.0,4.2,7.13,0.014,6.1,0.1,2.76,0.003,0.8
Sulcotrione,Maize; Sweetcorn; Sorghum; Sunflowers; Soybean; Cotton; Wheat; Broccoli; Carrots; Curcubits; Tobacco,99105-77-8,"Health: H317, H361d, H373Environment: H400, H410",Low risk,3.10 X 10 e-03,25,> 1350,> 5000,> 1000,-,200,227,3.2,> 848,> 75,0.051,1.2,9.5
Sulfoxaflor,"Tomatoes; Peppers; Aubergines; Cucumbers; Melons; Courgettes; Cereals including wheat, rye, barley, oats, triticale; Cotton",946578-00-3,"Health: H302Environment: H400, H410",Low risk,3.06 X 10 e-03,2.2,676,1000,0.855,0.10,0.379,> 101,-,> 399,50,-,> 101,-
Sulfuryl fluoride,Empy grain storage areas; Structures; Wood products,2699-79-8,"Health, H331, H373Environment: H400",Low risk,Cannot be calculated,-,-,100,-,-,6.5,-,-,0.62,-,-,0.58,-
Tau-fluvalinate,"Potatoes; Cereals including wheat; Turf; Cotton; Fruit trees including cherries, peaches, plums, nectarines, Tamarillos, avocados; Beehives",102851-06-9,"Health: H302, H315Environment: H400, H410",1979,5.35 X 10 e-03,4,> 2510,546,> 500,1.44,12,0.000794,0.000064,0.0089,0.000021,-,> 42.0,1
Tebuconazole,"Cereals including wheat, barley, oat, rye; Grapes; Peanuts; Vegetables including onions, peas, pepper; Bananas; Sugarcane",107534-96-3,"Health: H302, H361dEnvironment: H411",78,6.46 X 10 e-02,63,1988,1700,1381,10,> 200,4.4,0.010,2.79,0.01,0.144,1.96,42.6
Tebufenozide,"Fruit including grapes, apples, pears, berries; Brassicas, leafy vegetables, turnips, and fruiting vegetables",112410-23-8,Environment: H411,70,4.78 X 10 e-02,400,> 2150,> 5000,> 1000,> 1000,> 234,3.0,0.71,3.8,0.029,> 0.94,0.23,12.6
Tefluthrin,Sugarbeet; Fodder beet; Cotton; Field corn; Popcorn,79538-32-2,"Health: H300, H310, H330Environment: H400, H410",1400,5.35 X 10 e-03,37,> 267,21.8,1.0,0.16,0.28,0.00006,0.000004,0.00007,0.000008,-,> 1.05,7
Tembotrione,Maize; Sweetcorn,335104-84-2,"Health: H317, H373, H361dEnvironment: H400, H410",Low risk,2.10 X 10 e-03,14.5,> 2250,> 2500,> 1000,1.25,> 100,> 100,0.604,-,5.0,0.006,0.38,Stable
Terbuthylazine,"Maize; Sorghum; Apples; Citrus; Bush vines; Non-crop sites including roads, railways, industrial sites",5915-41-3,"Health: H373, H302Environment: H400, H410",34,8.43 X 10 e-02,72.0,> 1236,> 1000,> 141.7,-,> 32,2.2,0.09,21.2,0.019,0.0128,0.012,6
Tetraconazole,Sugarbeet; Wheat; Grapes; Apple; Tomato,112281-77-3,"Health: H302, H332Environment: H411",35.7,1.63 X 10 e-01,61,132,1031,71,8.2,63,4.3,0.3,3.0,0.19,0.52,2.4,2
Thiencarbazone,Corn; Sweetcorn; Soybean; Beet; Wheat (Spring & Durum); Turf; Ornamentals,936331-72-5,-,-,5.27 X 10 e-01,11.6,> 2000,> 2000,> 1000,-,> 200,> 104,-,> 98.6,-,-,0.17,-
Thifensulfuron,"Cereals including wheat, barley, tritical, rye, oats; Corn/maize; Soybean",79277-67-1,"Environment: H400, H410",-,7.97 X 10 e-01,32.3,> 2510,> 2000,> 2000,-,> 100,> 120,-,> 130,-,36.8,33.4,-
Tribenuron,"Cereals including wheat, barley, triticale, oats; Grass seed crops; Cotton; Pre-harvest burndown",106040-48-6,"Health: H317Environment: H400, H410",-,1.27 X 10 e-01,14,> 2250,> 5000,> 1000,-,> 9.1,560,-,894,-,-,-,-
Triclopyr,Uncultivated areas; Grassland; Plantations; Rangeland; Right-of-way; Industrial sites; Ornamental turf; Rice,55335-06-3,"Health: H302, H319, H317, H373Environment: H410",0.77,3.86 X 10 e-01,18.81,1698,630,> 521,6.0,> 100,117,46.3,132.9,48.5,0.8,181.1,24.8
Trifloxystrobin,"Cereals; Ornamentals; Vegetables including carrots, asparagus, curcubits, fruiting vegetables, root vegetables (except radish); Fruit including apples, pears, grapes, strawberries; Tropical crops",141517-21-7,"Health: H317Environment: H400, H410",431,3.82 X 10 e-04,0.34,> 2000,> 2000,> 500,3.5,> 200,0.022,0.008,0.011,0.003,1.93,0.0053,1.1
Trinexapac-ethyl,"Cereals including wheat, barley, oats, rye; Oilseed rape; Amenity turf and grass",95266-40-3,"Environment: H410, H411, H412",6,4.32 X 10 e-02,0.16,> 2000,4210,> 93,-,> 200,35,0.41,> 142.5,2.4,8.8,24.5,4.2
Triticonazole,"Cereals including wheat, barley, oats, rye, triticale; Turf; Ornamentals",131983-72-7,Environment: H411,94,2.19 X 10 e-01,237,> 2000,> 2000,> 500,> 125,> 100,> 3.6,0.01,9.0,0.092,1.1,> 1.0,Stable
Valifenalate,Grapes; Tomatoes; Potatoes; Tobacco; Some vegetables; Lettuce,283159-90-0,Health: H351Environment: H411,<4,8.04 X 10 e-06,0.15,> 2250,> 5000,> 1000,-,> 100,> 100,100,> 100,3.2,-,> 100,1000
Zinc phosphide,Agricultural crops; Vegetables; Ornamentals; Orchards; Crop storage.,1314-84-7,"Health: H300Handling: H260Environment: H400, H410",-,Cannot be calculated,10.95,12.9,12,> 1000,-,-,> 21.7,-,114,-,-,0.0038,-
Zoxamide,"Potatoes; Grapes; Tomatoes; Curcubits including gourd, melons, squash; Onions and garlic",156052-68-5,"Health: H317Environment: H400, H410",115,5.12 X 10 e-03,5.5,> 2000,> 5000,> 1070,66.7,> 100,0.16,0.004,> 0.78,0.039,0.017,0.011,3
Aluminium phosphide,Non-cropped areas; Grain and other commodity storage,20859-73-8,"Health: H301, H332, H370, H361fEnvironment: H400, H410",Low risk,Cannot be calculated,0.2,49,8.7,663.5,-,-,0.0097,-,0.37,-,-,0.058,-
Bacillus thuringiensis subsp. aizawai strain ABTS-1857,"Field and glasshouse use especially peppers, cucumbers, cabbages and lettuce",-,"Health: H317, H319, H334, H335",-,Cannot be calculated,-,-,-,-,-,-,-,-,-,-,-,-,-
Bacillus thuringiensis subsp. israelensis strain AM65-52,Water environments: Glasshouses: Mushroom houses; Ornamentals,68038-71-1,"Health: H317, H319, H334, H335",-,8.45 X 10 e-04,2.7,> 5000,> 5000,-,-,> 100,> 370,-,> 50,-,-,-,-
Bacillus thuringiensis subsp. kurstaki strain ABTS 351,Grapes,68038-71-1,"Health: H317, H319, H335",-,8.45 X 10 e-04,2.7,> 5000,> 5000,-,-,> 100,2.9 x 10 e09,-,> 1.51 x 10 e08,-,-,> 1.0 x 10 e09,-
Bacillus thuringiensis subsp. kurstaki strain EG2348,Grapes,68038-71-1,"Health: H317, H319, H335",-,8.45 X 10 e-04,2.7,> 5000,> 5000,-,-,> 100,2.9 x 10 e09,-,> 1.51 x 10 e08,-,-,> 1.0 x 10 e09,-
Beauveria bassiana strain ATCC 74040,Vegetables; Maize; Ornamentals; Cotton; Turf; Sugarcane; Strawberries; Tobacco,-,"Health: H334, H317",-,Cannot be calculated,-,> 2667,> 1.8 x 10 e08,-,-,9285,7300,-,4100,-,-,-,-
Clonostachys rosea strain J1446,Vegetables; Herbs; Ornamentals; Turf; Tree seedlings,-,-,-,Cannot be calculated,-,-,> 2000,-,-,-,504,-,7.8,-,-,-,-
Eugenol,Top fruit; Citrus; Grapes,97-53-0,"Health: H302, H315, H317, H319, H336",Low risk,Cannot be calculated,1.0,> 320,> 1930,> 1000,0.84,> 200,> 10,-,1.11,0.0959,-,15.4,-
Kieselgur,Stored grain; Stored products,61790-53-2,"Health: H302, H319, H335, H373",-,Cannot be calculated,730,> 2000,> 2500,> 1000,-,-,> 100,-,> 100,-,-,> 100,-
Maltodextrin,"Most edible and non-edible crops including soft, top, cane and bush fruit",9050-36-6,Not classified,-,Cannot be calculated,5.0,> 2500,> 2000,> 500,-,> 200,> 200,-,> 200,-,-,-,-
Orange oil,Animals; Humans,8028-48-6,Health: H317; H315l H319,246,Cannot be calculated,-,-,> 5000,999.7,-,-,0.702,-,0.421,-,-,4.08,-
Paraffin oil (CAS No: 8042-47-5),Fruit; Vines; Orchards; Fruiting vegetables; Potatoes; Citrus; Ornamentals,8042-47-5,"Health: H304, H315, H319, H341, H371Handling: H226Environment:  H400, H410",-,5.35 X 10 e-03,44.0,-,> 2000,> 375,117.6,> 100,14.3,0.97,0.08,0.43,-,70.45,-
Spearmint oil,Potatoes,8008-79-5,"Health: H304, H317",Low risk,Cannot be calculated,30,-,> 2000,> 1000,-,> 200,> 20.3,-,> 9.59,-,-,4.58,-
Thymol,Bees; Livestock; Grapes; Top fruit,89-83-8,"Health: H302, H314, H317, H318, H336",-,3.29 X 10 e-04,1,> 640,980,> 500,1.65,> 200,3.0,-,4.9,-,-,11.7,-
Acetic acid,"Non-cropped areas; Hard surfaces including walkways, pavements",64-19-7,Handling: H226Health: H314,3.2,2.33 X 10 e-03,1.2,-,3530,> 1000,-,-,45.0,-,31.5,37.9,16.0,5.8,1.2
Iron sulphate,Sports and amenity turf,7720-78-7,"Health: H302, H315, H319",Low risk,8.92 X 10 e-04,0.1,> 1231,> 1185,> 3829,-,-,45.1,3.4,31.2,< 1.08,> 103.4,> 76.6,-
Pelargonic acid,Fruit,112-05-0,"Health: H315, H318Environment: H412",101,6.69 X 10 e-04,1.3,2450,> 2000,> 105,250,> 181.1,> 11.5,16.2,10.0,0.38,> 60.2,16.8,-
Bacillus amyloliquefaciens MBI600,Grapevines; Cereals; Soybeans; Cotton; Legumes,-,-,-,Cannot be calculated,120,> 4000,> 5000,-,> 2.9 x 10 e12,> 100,> 9.9 x  e10,1.3 x 10 e11,-,1.9 x  e10,-,> 5.8 x 10 e11,-
Bacillus amyloliquefaciens QST 713,Vegetables; Potatoes; Top fruit; Stone fruit; Soft fruit including strawberries; Herbs; Ornamentals,-,"Health: H317, H319, H334, H335",-,1.22 X 10 e-02,120,-,> 1.13 x 10 e08,> 10000,-,-,1.4 x 10 e07,-,-,7.9 x 10 e05,-,-,-
Bacillus amyloliquefaciens subsp. plantarum D747,Cereals; Legumes; Soft fruit; Cotton; Ornamentals; Grapes; Vegetables,-,-,-,1.22 X 10 e-02,120,> 1.2 x 10 e09,> 5000,> 1000,-,> 320,-,5.75 x  e10,-,2.84 x 10 e08,-,-,-
Copper sulphate,"Aquatic situations including ditches, drainage channels, streams, rivers, Hemp",12527-76-3,Health: H302,Low risk,2.48 X 10 e-07,0.1,> 72.4,> 300,> 155,< 15,> 23.5,13.2,0.97,2.3,0.057,0.145,12.3,-
Geraniol,Grapes,106-24-1,"Health: H319, H315, H317",-,Cannot be calculated,-,> 10000,> 4000,> 500,-,> 200,11.6,-,16.1,-,-,48.0,-
Pseudomonas chlororaphis strain MA342,"Cereals including wheat, rye, triticale; Vegetables including carrot, peas",-,-,-,Cannot be calculated,-,-,> 5000,-,-,-,-,-,-,-,-,-,-
Pseudomonas sp. strain DSMZ 13134,Potatoes,-,-,-,Cannot be calculated,-,-,-,> 1.06 x 10 e11,-,-,-,-,-,-,-,-,-
Sulphur,"Fruit including apples, pears, gooseberries, grapes, peaches, strawberries, melons; Cereals; Hops; Beans; Carrots; Lucerne; Tomatoes; Peanuts; Ornamentals including roses",7704-34-9,"Health: H335, H319, H315",Low risk,1.38 X 10 e-06,30,> 2000,> 2000,> 2000,> 1000,> 100,> 0.063,> 0.063,> 0.063,-,-,> 0.063,Stable
Trichoderma asperellum strain ICC012,Tomatoes; Cucumbers; Aubergine,-,-,-,Cannot be calculated,-,-,> 2000,-,-,-,-,50,> 100,-,-,-,-
Trichoderma asperellum strain T34,"Tomatoes; Cucumbers; Melon; Pumpkin; Zucchini; Sweet peppers; Aubergine, Sunflower; Maize; Soybean; Ornamentals including carnations.",-,-,-,Cannot be calculated,-,1.0 x 10 e08,> 1.1 x 10 e08,> 7.80 x 10 e06,7.80 x 10 e06,1.0 x 10 e05,> 9.6 x 10 e08,9.6 x 10 e08,< 7.18 x 10 e07,-,1.0 x 10 e09,4.3 x 10 e07,-
Trichoderma atroviride strain AT10,Lettuce,-,-,-,Cannot be calculated,-,-,-,-,-,-,-,-,-,-,-,-,-
Trichoderma atroviride strain I-1237,Vines; Vegetable crops; Top fruit,-,-,-,Cannot be calculated,-,-,> 3.18 x 10 e09,-,-,-,1.83 x 10 e08,-,1.19 x 10 e08,-,-,1.56 x 10 e08,-
Trichoderma gamsii strain ICC080,Tomatoes; Lettuce; Aubergine; Vegetables; Cereals; Potatoes; Citrus; Soybean; Sugarcane; Grapes,-,-,-,Cannot be calculated,-,-,> 1.5 x 10 e09,-,-,-,> 200,> 100,-,6.25,-,-,-
Verticillium albo-atrum,Elm trees,-,-,-,Cannot be calculated,-,-,-,-,-,-,-,-,-,-,-,-,-
