Handelsbezeichnung,Gebinde,Grundpreis,Gebindepreis
1.4 Sight,10 Liter,"(230,00Â â‚¬* / 1 Liter)","2.300,00Â â‚¬*"
Access,10 Liter,"(4,70Â â‚¬* / 1 Liter)","47,00Â â‚¬*"
Accurate,0.1 Kilogramm,"(290,00Â â‚¬* / 1 Kilogramm)","29,00Â â‚¬*"
Activus SC,10 Liter,"(18,50Â â‚¬* / 1 Liter)","185,00Â â‚¬*"
Adengo,N/A,N/A,"137,00Â â‚¬*"
AdhĂ¤sit,10 Liter,"(13,70Â â‚¬* / 1 Liter)","137,00Â â‚¬*"
AFINTO,0.5 Kilogramm,"(230,00Â â‚¬* / 1 Kilogramm)","115,00Â â‚¬*"
AGIL-S,5 Liter,"(24,20Â â‚¬* / 1 Liter)","121,00Â â‚¬*"
Agro-Quick (5l),5 Liter,"(10,60Â â‚¬* / 1 Liter)","53,00Â â‚¬*"
Agroclean (1kg),N/A,N/A,"55,00Â â‚¬*"
Aliette WG,6 Kilogramm,"(16,17Â â‚¬* / 1 Kilogramm)","97,00Â â‚¬*"
Alkir,N/A,N/A,"39,00Â â‚¬*"
All Clear Extra,5 Liter,"(14,40Â â‚¬* / 1 Liter)","72,00Â â‚¬*"
Alliance,0.25 Kilogramm,"(240,00Â â‚¬* / 1 Kilogramm)","60,00Â â‚¬*"
Allstar,5 Liter,"(132,00Â â‚¬* / 1 Liter)","660,00Â â‚¬*"
Amistar Gold (5l),5 Liter,"(24,80Â â‚¬* / 1 Liter)","124,00Â â‚¬*"
Amistar Max,5 Liter,"(15,80Â â‚¬* / 1 Liter)","79,00Â â‚¬*"
Angelus,N/A,N/A,"47,00Â â‚¬*"
Argos,20 Liter,"(23,60Â â‚¬* / 1 Liter)","472,00Â â‚¬*"
Arigo,N/A,N/A,"175,00Â â‚¬*"
Arinex 30,20 Kilogramm,"(3,95Â â‚¬* / 1 Kilogramm)","79,00Â â‚¬*"
Artus,0.25 Kilogramm,"(604,00Â â‚¬* / 1 Kilogramm)","151,00Â â‚¬*"
Ascra Xpro,5 Liter,"(45,40Â â‚¬* / 1 Liter)","227,00Â â‚¬*"
Askon (5l),5 Liter,"(56,80Â â‚¬* / 1 Liter)","284,00Â â‚¬*"
ATAPHOS-K,10 Liter,"(8,90Â â‚¬* / 1 Liter)","89,00Â â‚¬*"
Atlantis Flex + Biopower,N/A,N/A,"300,00Â â‚¬*"
Attracap,15 Kilogramm,"(15,27Â â‚¬* / 1 Kilogramm)","229,00Â â‚¬*"
Attribut,0.3 Kilogramm,"(526,67Â â‚¬* / 1 Kilogramm)","158,00Â â‚¬*"
Aurora,0.1 Kilogramm,"(410,00Â â‚¬* / 1 Kilogramm)","41,00Â â‚¬*"
AVASTEL Pack,N/A,N/A,"377,00Â â‚¬*"
Avoxa,5 Liter,"(32,20Â â‚¬* / 1 Liter)","161,00Â â‚¬*"
Axial 50,5 Liter,"(43,40Â â‚¬* / 1 Liter)","217,00Â â‚¬*"
Axial Komplett,5 Liter,"(38,40Â â‚¬* / 1 Liter)","192,00Â â‚¬*"
Azbany,5 Liter,"(14,40Â â‚¬* / 1 Liter)","72,00Â â‚¬*"
Balaya,5 Liter,"(44,80Â â‚¬* / 1 Liter)","224,00Â â‚¬*"
Bandur,5 Liter,"(19,80Â â‚¬* / 1 Liter)","99,00Â â‚¬*"
Bariton,200 Liter,"(28,18Â â‚¬* / 1 Liter)","5.636,00Â â‚¬*"
Basamid Granulat,20 Kilogramm,"(9,45Â â‚¬* / 1 Kilogramm)","189,00Â â‚¬*"
Battle Delta,5 Liter,"(62,00Â â‚¬* / 1 Liter)","310,00Â â‚¬*"
BeFlex,5 Liter,"(52,80Â â‚¬* / 1 Liter)","264,00Â â‚¬*"
Belanty,5 Liter,"(19,00Â â‚¬* / 1 Liter)","96,00Â â‚¬*"
Belkar,N/A,N/A,"145,00Â â‚¬*"
Belouhka,10 Liter,"(18,80Â â‚¬* / 1 Liter)","188,00Â â‚¬*"
Belvedere Duo,5 Liter,"(30,20Â â‚¬* / 1 Liter)","151,00Â â‚¬*"
Benevia,N/A,N/A,"204,00Â â‚¬*"
Betanal Tandem Pack,N/A,N/A,"153,00Â â‚¬*"
Betasana Perfekt Pack (3x5+1x5),N/A,N/A,"264,00Â â‚¬*"
Betasana SC (5l),5 Liter,"(14,00Â â‚¬* / 1 Liter)","70,00Â â‚¬*"
Bigalo,2.5 Kilogramm,"(65,60Â â‚¬* / 1 Kilogramm)","164,00Â â‚¬*"
Blossom Protect,1.5 Liter,"(68,00Â â‚¬* / 1 Liter)","102,00Â â‚¬*"
Bokator,5 Liter,"(27,40Â â‚¬* / 1 Liter)","137,00Â â‚¬*"
Bonzi (1l),N/A,N/A,"109,00Â â‚¬*"
Boom efekt,N/A,N/A,"14,00Â â‚¬*"
Botector,N/A,N/A,"173,00Â â‚¬*"
Botiga,5 Liter,"(35,60Â â‚¬* / 1 Liter)","178,00Â â‚¬*"
Boxer,5 Liter,"(8,00Â â‚¬* / 1 Liter)","40,00Â â‚¬*"
Boxer Evo,10 Liter,"(11,30Â â‚¬* / 1 Liter)","113,00Â â‚¬*"
Brevis,N/A,N/A,"229,00Â â‚¬*"
Brixton,5 Liter,"(32,20Â â‚¬* / 1 Liter)","161,00Â â‚¬*"
Broadway Plus,N/A,N/A,"247,00Â â‚¬*"
Butisan,5 Liter,"(46,60Â â‚¬* / 1 Liter)","233,00Â â‚¬*"
Butisan Gold,10 Liter,"(36,10Â â‚¬* / 1 Liter)","361,00Â â‚¬*"
Butisan Kombi (5l),5 Liter,"(24,40Â â‚¬* / 1 Liter)","122,00Â â‚¬*"
Butisan Top,5 Liter,"(35,40Â â‚¬* / 1 Liter)","177,00Â â‚¬*"
Calaris,5 Liter,"(28,40Â â‚¬* / 1 Liter)","142,00Â â‚¬*"
Caldera,5 Liter,"(43,80Â â‚¬* / 1 Liter)","219,00Â â‚¬*"
Callisto,5 Liter,"(17,00Â â‚¬* / 1 Liter)","85,00Â â‚¬*"
Callisto P Flexx,N/A,N/A,"342,00Â â‚¬*"
Callisto P Pack (5l + 5x20g),N/A,N/A,"148,00Â â‚¬*"
Calma,5 Liter,"(24,40Â â‚¬* / 1 Liter)","122,00Â â‚¬*"
Cameo SX,250 Gramm,"(0,28Â â‚¬* / 1 Gramm)","73,00Â â‚¬*"
Camposan Top,5 Liter,"(25,60Â â‚¬* / 1 Liter)","128,00Â â‚¬*"
Cantus,N/A,N/A,"114,00Â â‚¬*"
Cantus Ultra,5 Liter,"(55,80Â â‚¬* / 1 Liter)","279,00Â â‚¬*"
Caption 80 WG,5 Kilogramm,"(12,80Â â‚¬* / 1 Kilogramm)","64,00Â â‚¬*"
Carax,5 Liter,"(35,20Â â‚¬* / 1 Liter)","176,00Â â‚¬*"
Carial Flex,5 Kilogramm,"(55,60Â â‚¬* / 1 Kilogramm)","278,00Â â‚¬*"
Carmina 640,10 Liter,"(15,80Â â‚¬* / 1 Liter)","158,00Â â‚¬*"
Carmina Complett,N/A,N/A,"246,00Â â‚¬*"
Carnadine 200,N/A,N/A,"86,00Â â‚¬*"
Carneol,5 Liter,"(27,80Â â‚¬* / 1 Liter)","139,00Â â‚¬*"
Carpovirusine Evo2,N/A,N/A,"61,00Â â‚¬*"
Cato,N/A,N/A,"120,00Â â‚¬*"
CCC 720 / Stabilan / Cycocel,10 Liter,"(4,60Â â‚¬* / 1 Liter)","46,00Â â‚¬*"
Celest,10 Liter,"(20,90Â â‚¬* / 1 Liter)","209,00Â â‚¬*"
Centium 36 CS,N/A,N/A,"156,00Â â‚¬*"
Cerone 660,5 Liter,"(25,60Â â‚¬* / 1 Liter)","128,00Â â‚¬*"
Chaco,5 Liter,"(79,00Â â‚¬* / 1 Liter)","395,00Â â‚¬*"
Chamane,5 Liter,"(13,60Â â‚¬* / 1 Liter)","68,00Â â‚¬*"
Chanon,5 Liter,"(19,00Â â‚¬* / 1 Liter)","95,00Â â‚¬*"
Cherokee Neo,5 Liter,"(34,60Â â‚¬* / 1 Liter)","173,00Â â‚¬*"
Cleanshot,500 Gramm,"(0,20Â â‚¬* / 1 Gramm)","98,00Â â‚¬*"
Clearfield-Clentiga,N/A,N/A,"284,00Â â‚¬*"
Clomazone 360 CS,5 Liter,"(37,80Â â‚¬* / 1 Liter)","189,00Â â‚¬*"
Cocana,25 Liter,"(5,20Â â‚¬* / 1 Liter)","130,00Â â‚¬*"
Combi Protec,N/A,N/A,"44,00Â â‚¬*"
Compola,10 Liter,"(13,60Â â‚¬* / 1 Liter)","136,00Â â‚¬*"
Concert SX,0.2 Kilogramm,"(305,00Â â‚¬* / 1 Kilogramm)","61,00Â â‚¬*"
Coragen,0.5 Liter,"(336,00Â â‚¬* / 1 Liter)","168,00Â â‚¬*"
Countdown NT,N/A,N/A,"44,00Â â‚¬*"
Cresendo,N/A,N/A,"53,00Â â‚¬*"
Cuproxat,10 Liter,"(10,60Â â‚¬* / 1 Liter)","106,00Â â‚¬*"
Cuprozin Progress,5 Liter,"(34,40Â â‚¬* / 1 Liter)","172,00Â â‚¬*"
Curatio,20 Liter,"(4,00Â â‚¬* / 1 Liter)","86,00Â â‚¬*"
Curzate 60 WG,1.5 Kilogramm,"(53,33Â â‚¬* / 1 Kilogramm)","80,00Â â‚¬*"
Cymbal Flow,5 Liter,"(21,80Â â‚¬* / 1 Liter)","109,00Â â‚¬*"
Cyperkill MAX,N/A,N/A,"57,00Â â‚¬*"
Dagonis,5 Liter,"(55,80Â â‚¬* / 1 Liter)","279,00Â â‚¬*"
Daltrice,N/A,N/A,"545,00Â â‚¬*"
Danjiri,N/A,N/A,"113,00Â â‚¬*"
Decis forte,N/A,N/A,"71,00Â â‚¬*"
Delan WG,5 Kilogramm,"(49,40Â â‚¬* / 1 Kilogramm)","247,00Â â‚¬*"
Delaro Forte,5 Liter,"(29,60Â â‚¬* / 1 Liter)","150,00Â â‚¬*"
Designer,5 Liter,"(34,00Â â‚¬* / 1 Liter)","170,00Â â‚¬*"
Diabolo,5 Liter,"(47,60Â â‚¬* / 1 Liter)","238,00Â â‚¬*"
Diadem,5 Liter,"(61,40Â â‚¬* / 1 Liter)","307,00Â â‚¬*"
Dicotex,N/A,N/A,"30,95Â â‚¬*"
Difcor (Obst),5 Liter,"(45,60Â â‚¬* / 1 Liter)","228,00Â â‚¬*"
Difcor 250 EC,N/A,N/A,"63,00Â â‚¬*"
Diflanil 500 SC,N/A,N/A,"40,00Â â‚¬*"
Dimmer,3 Kilogramm,"(39,67Â â‚¬* / 1 Kilogramm)","119,00Â â‚¬*"
"Diniro + Adigor (2,4kg + 7,2)",N/A,N/A,"266,00Â â‚¬*"
DiPel DF,N/A,N/A,"56,00Â â‚¬*"
Director,N/A,N/A,"71,00Â â‚¬*"
Dirigent SX,0.2 Kilogramm,"(595,00Â â‚¬* / 1 Kilogramm)","119,00Â â‚¬*"
Dodifun SC,5 Liter,"(22,80Â â‚¬* / 1 Liter)","114,00Â â‚¬*"
Domark 10 EC (5 Liter),5 Liter,"(29,20Â â‚¬* / 1 Liter)","146,00Â â‚¬*"
Dominator 480 TF,20 Liter,"(6,00Â â‚¬* / 1 Liter)","120,00Â â‚¬*"
Dragster,N/A,N/A,"121,00Â â‚¬*"
Duplosan DP,10 Liter,"(17,90Â â‚¬* / 1 Liter)","179,00Â â‚¬*"
Duplosan Super,10 Liter,"(13,70Â â‚¬* / 1 Liter)","137,00Â â‚¬*"
Durano MAX,5 Liter,"(50,42Â â‚¬* / 1 Liter)","47,50Â â‚¬*"
Durano Max / Amega / Boom efekt,20 Liter,"(4,75Â â‚¬* / 1 Liter)","95,00Â â‚¬*"
Dynali,N/A,N/A,"52,00Â â‚¬*"
EFFIGO,N/A,N/A,"144,00Â â‚¬*"
Elatus Era,5 Liter,"(56,40Â â‚¬* / 1 Liter)","282,00Â â‚¬*"
"Elatus Era Folpan (5l +7,5l)",N/A,N/A,"348,00Â â‚¬*"
Elatus Era Star,N/A,N/A,"592,00Â â‚¬*"
Elatus Era Sympara,20 Liter,"(43,75Â â‚¬* / 1 Liter)","875,00Â â‚¬*"
Elumis P Pack (5l+4x20g),N/A,N/A,"180,00Â â‚¬*"
Elumis Triumph Pack (1x5l + 2x5l),N/A,N/A,"272,00Â â‚¬*"
Emcee,5 Liter,"(11,00Â â‚¬* / 1 Liter)","55,00Â â‚¬*"
Enervin SC,5 Liter,"(18,40Â â‚¬* / 1 Liter)","92,00Â â‚¬*"
Eradicoat MAX,10 Liter,"(7,70Â â‚¬* / 1 Liter)","77,00Â â‚¬*"
Etho-PMP Pack,N/A,N/A,"261,00Â â‚¬*"
Ethosat 500,5 Liter,"(17,80Â â‚¬* / 1 Liter)","89,00Â â‚¬*"
Evure,5 Liter,"(58,00Â â‚¬* / 1 Liter)","290,00Â â‚¬*"
Exelgrow,5 Liter,"(35,00Â â‚¬* / 1 Liter)","175,00Â â‚¬*"
Exilis 100 XL,N/A,N/A,"145,00Â â‚¬*"
Exirel,N/A,N/A,"167,00Â â‚¬*"
Faban (5l),5 Liter,"(41,80Â â‚¬* / 1 Liter)","209,00Â â‚¬*"
Fandango (5l),5 Liter,"(54,40Â â‚¬* / 1 Liter)","272,00Â â‚¬*"
Fantasia Gold,15 Liter,"(6,40Â â‚¬* / 1 Liter)","96,00Â â‚¬*"
Fantic F,5 Kilogramm,"(23,20Â â‚¬* / 1 Kilogramm)","116,00Â â‚¬*"
Fazor,4 Kilogramm,"(27,50Â â‚¬* / 1 Kilogramm)","110,00Â â‚¬*"
Finy,60 Gramm,"(0,87Â â‚¬* / 1 Gramm)","52,00Â â‚¬*"
"Fixor 100 SL (0,5l)",N/A,N/A,"103,00Â â‚¬*"
Flexidor (1l),N/A,N/A,"233,00Â â‚¬*"
Flint (1kg) ,N/A,N/A,"165,00Â â‚¬*"
Flipper,5 Liter,"(11,60Â â‚¬* / 1 Liter)","58,00Â â‚¬*"
Floramite 240 SC,N/A,N/A,"446,00Â â‚¬*"
Flua Power,5 Liter,"(21,60Â â‚¬* / 1 Liter)","108,00Â â‚¬*"
Focus Aktiv - Pack,N/A,N/A,"157,50Â â‚¬*"
Folgut 80 WG,5 Kilogramm,"(10,80Â â‚¬* / 1 Kilogramm)","54,00Â â‚¬*"
Folicur,N/A,N/A,"37,00Â â‚¬*"
Follow 333,5 Liter,"(31,60Â â‚¬* / 1 Liter)","158,00Â â‚¬*"
Folpan 500 SC,5 Liter,"(14,00Â â‚¬* / 1 Liter)","70,00Â â‚¬*"
Folpan 80 WDG,5 Kilogramm,"(11,20Â â‚¬* / 1 Kilogramm)","56,00Â â‚¬*"
Folpan Gold,5 Kilogramm,"(22,00Â â‚¬* / 1 Kilogramm)","110,00Â â‚¬*"
Forapro,5 Liter,"(35,80Â â‚¬* / 1 Liter)","179,00Â â‚¬*"
Fox,5 Liter,"(29,80Â â‚¬* / 1 Liter)","149,00Â â‚¬*"
Fresco,5 Liter,"(31,80Â â‚¬* / 1 Liter)","159,00Â â‚¬*"
Frutogard,10 Liter,"(13,40Â â‚¬* / 1 Liter)","134,00Â â‚¬*"
Fuego,10 Liter,"(21,50Â â‚¬* / 1 Liter)","210,00Â â‚¬*"
Fuego Top,10 Liter,"(31,10Â â‚¬* / 1 Liter)","311,00Â â‚¬*"
Funguran Progress,2 Kilogramm,"(27,50Â â‚¬* / 1 Kilogramm)","55,00Â â‚¬*"
Fusilade Max,N/A,N/A,"38,00Â â‚¬*"
Fytosave,5 Liter,"(20,00Â â‚¬* / 1 Liter)","100,00Â â‚¬*"
FytoSol SC,10 Liter,"(10,60Â â‚¬* / 1 Liter)","106,00Â â‚¬*"
Gachinko,5 Liter,"(57,60Â â‚¬* / 1 Liter)","288,00Â â‚¬*"
Gajus,10 Liter,"(19,40Â â‚¬* / 1 Liter)","194,00Â â‚¬*"
Gamit 36 AMT,3 Liter,"(89,67Â â‚¬* / 1 Liter)","269,00Â â‚¬*"
"Garlon (0,5l)",0.5 Liter,"(86,00Â â‚¬* / 1 Liter)","43,00Â â‚¬*"
Geoxe,N/A,N/A,"131,00Â â‚¬*"
Gibb 3 (10 Tabletten),10 StĂĽck,"(6,90Â â‚¬* / 1 StĂĽck)","69,00Â â‚¬*"
Gibb Plus (1l),N/A,N/A,"91,00Â â‚¬*"
Globaryll 100,N/A,N/A,"148,00Â â‚¬*"
Glotron Neo,5 Liter,"(36,40Â â‚¬* / 1 Liter)","182,00Â â‚¬*"
Goltix Gold,5 Liter,"(17,60Â â‚¬* / 1 Liter)","88,00Â â‚¬*"
Goltix Titan,10 Liter,"(27,90Â â‚¬* / 1 Liter)","279,00Â â‚¬*"
"Goltix Titan Belvedere Pack (10l Goltix Titan + 7,5l Belvedere Duo)",N/A,N/A,"470,00Â â‚¬*"
Grecale,5 Liter,"(35,60Â â‚¬* / 1 Liter)","178,00Â â‚¬*"
Greteg,5 Liter,"(27,00Â â‚¬* / 1 Liter)","135,00Â â‚¬*"
Grifon SC,5 Liter,"(14,60Â â‚¬* / 1 Liter)","73,00Â â‚¬*"
Groove,5 Liter,"(22,40Â â‚¬* / 1 Liter)","112,00Â â‚¬*"
Harmony SX,0.09 Kilogramm,"(1.455,56Â â‚¬* / 1 Kilogramm)","131,00Â â‚¬*"
Harpun,N/A,N/A,"62,00Â â‚¬*"
Headset,10 Liter,"(6,30Â â‚¬* / 1 Liter)","63,00Â â‚¬*"
Heliosol,5 Liter,"(17,40Â â‚¬* / 1 Liter)","87,00Â â‚¬*"
Helocur 250 EW (5l),5 Liter,"(11,60Â â‚¬* / 1 Liter)","58,00Â â‚¬*"
Himalaya 60 SG,20 Kilogramm,"(23,75Â â‚¬* / 1 Kilogramm)","475,00Â â‚¬*"
Hint,5 Liter,"(35,00Â â‚¬* / 1 Liter)","175,00Â â‚¬*"
Husar Plus,N/A,N/A,"190,00Â â‚¬*"
Hypontus,5 Liter,"(75,80Â â‚¬* / 1 Liter)","379,00Â â‚¬*"
Ikanos,5 Liter,"(8,40Â â‚¬* / 1 Liter)","42,00Â â‚¬*"
"Incelo Komplett (InceloÂ® + BiopowerÂ® und HusarÂ® OD 1,5kg+5l+0,5l)",N/A,N/A,"340,00Â â‚¬*"
Infinito,5 Liter,"(26,20Â â‚¬* / 1 Liter)","131,00Â â‚¬*"
Input Classic,5 Liter,"(37,00Â â‚¬* / 1 Liter)","185,00Â â‚¬*"
Input Triple,5 Liter,"(45,60Â â‚¬* / 1 Liter)","228,00Â â‚¬*"
Iseran,4 Liter,"(37,75Â â‚¬* / 1 Liter)","151,00Â â‚¬*"
Isonet LE 1x400 St. Foliensack,400 StĂĽck,"(0,44Â â‚¬* / 1 StĂĽck)","175,00Â â‚¬*"
Jaguar,N/A,N/A,"82,00Â â‚¬*"
Jordi,5 Liter,"(48,00Â â‚¬* / 1 Liter)","240,00Â â‚¬*"
Joust,5 Liter,"(14,00Â â‚¬* / 1 Liter)","70,00Â â‚¬*"
Jura,10 Liter,"(10,60Â â‚¬* / 1 Liter)","106,00Â â‚¬*"
Jura Max,10 Liter,"(11,10Â â‚¬* / 1 Liter)","111,00Â â‚¬*"
Kaishi,5 Liter,"(8,00Â â‚¬* / 1 Liter)","40,00Â â‚¬*"
Kaiso Sorbie,3 Kilogramm,"(34,00Â â‚¬* / 1 Kilogramm)","102,00Â â‚¬*"
Kaizen,5 Liter,"(17,60Â â‚¬* / 1 Liter)","88,00Â â‚¬*"
Kanemite SC,N/A,N/A,"84,00Â â‚¬*"
Karate Forst (1l),N/A,N/A,"162,00Â â‚¬*"
Karate Zeon,N/A,N/A,"118,00Â â‚¬*"
Karibu,5 Liter,"(33,00Â â‚¬* / 1 Liter)","165,00Â â‚¬*"
Katana,0.05 Kilogramm,"(860,00Â â‚¬* / 1 Kilogramm)","43,00Â â‚¬*"
Katoun Gold (5l),5 Liter,"(19,80Â â‚¬* / 1 Liter)","99,00Â â‚¬*"
Kayak (5l),5 Liter,"(17,40Â â‚¬* / 1 Liter)","87,00Â â‚¬*"
Kelposol,5 Liter,"(12,20Â â‚¬* / 1 Liter)","61,00Â â‚¬*"
Kerb FLO,5 Liter,"(23,80Â â‚¬* / 1 Liter)","119,00Â â‚¬*"
Kideka,5 Liter,"(12,60Â â‚¬* / 1 Liter)","63,00Â â‚¬*"
Kinsidro Grow+,N/A,N/A,"70,00Â â‚¬*"
Kinvara,10 Liter,"(17,70Â â‚¬* / 1 Liter)","177,00Â â‚¬*"
Kiron,N/A,N/A,"78,00Â â‚¬*"
Korvetto (5l),5 Liter,"(43,40Â â‚¬* / 1 Liter)","217,00Â â‚¬*"
"Kudos (2,5kg)",2.5 Kilogramm,"(129,60Â â‚¬* / 1 Kilogramm)","324,00Â â‚¬*"
Kumar,10 Kilogramm,"(15,70Â â‚¬* / 1 Kilogramm)","157,00Â â‚¬*"
Kusabi,N/A,N/A,"77,00Â â‚¬*"
Kyleo,5 Liter,"(15,80Â â‚¬* / 1 Liter)","79,00Â â‚¬*"
LaDiva,N/A,N/A,"193,00Â â‚¬*"
Landor CT,10 Liter,"(37,50Â â‚¬* / 1 Liter)","375,00Â â‚¬*"
Latifam,5 Liter,"(129,40Â â‚¬* / 1 Liter)","647,00Â â‚¬*"
Latitude,5 Liter,"(129,40Â â‚¬* / 1 Liter)","647,00Â â‚¬*"
Lattice,3 Kilogramm,"(39,33Â â‚¬* / 1 Kilogramm)","118,00Â â‚¬*"
Laudis,5 Liter,"(32,40Â â‚¬* / 1 Liter)","162,00Â â‚¬*"
Laudis Plus 5l + 1l,N/A,N/A,"178,00Â â‚¬*"
Lentagran WP (1kg),N/A,N/A,"72,00Â â‚¬*"
Lentipur 700,10 Liter,"(17,50Â â‚¬* / 1 Liter)","175,00Â â‚¬*"
Limus Perform,5 Liter,"(37,80Â â‚¬* / 1 Liter)","189,00Â â‚¬*"
Lodin EC,N/A,N/A,"26,00Â â‚¬*"
LONTREL 600,0.25 Liter,"(272,00Â â‚¬* / 1 Liter)","68,00Â â‚¬*"
LONTREL 720 SG,N/A,N/A,"279,00Â â‚¬*"
Luna Experience,N/A,N/A,"82,00Â â‚¬*"
Luna Max,N/A,N/A,"37,00Â â‚¬*"
Luna Sensation,N/A,N/A,"174,00Â â‚¬*"
Lupus SX Mais,0.15 Kilogramm,"(1.000,00Â â‚¬* / 1 Kilogramm)","150,00Â â‚¬*"
Maceta 50,5 Liter,"(9,40Â â‚¬* / 1 Liter)","47,00Â â‚¬*"
Madex MAX,0.1 Liter,"(670,00Â â‚¬* / 1 Liter)","72,00Â â‚¬*"
Magnello (5l),5 Liter,"(31,20Â â‚¬* / 1 Liter)","156,00Â â‚¬*"
Mainspring,200 Gramm,"(0,96Â â‚¬* / 1 Gramm)","192,00Â â‚¬*"
MaisTer power,10 Liter,"(44,20Â â‚¬* / 1 Liter)","442,00Â â‚¬*"
MaisTer power Flexx,5 Liter,"(58,00Â â‚¬* / 1 Liter)","199,00Â â‚¬*"
Maize Extra,10 Liter,"(9,40Â â‚¬* / 1 Liter)","94,00Â â‚¬*"
Malvin WG (10kg),10 Kilogramm,"(12,00Â â‚¬* / 1 Kilogramm)","120,00Â â‚¬*"
Mateno Forte Set,N/A,N/A,"418,00Â â‚¬*"
Mavrik Vita,N/A,N/A,"65,00Â â‚¬*"
Maxcel (5l),5 Liter,"(29,00Â â‚¬* / 1 Liter)","145,00Â â‚¬*"
MC Cream,5 Liter,"(25,20Â â‚¬* / 1 Liter)","126,00Â â‚¬*"
Medax Top + Turbo (10l + 10kg),N/A,N/A,"339,00Â â‚¬*"
Megafol,10 Liter,"(10,80Â â‚¬* / 1 Liter)","108,00Â â‚¬*"
Melody Combi (6kg),6 Kilogramm,"(25,33Â â‚¬* / 1 Kilogramm)","152,00Â â‚¬*"
Merlin Duo Pack,N/A,N/A,"243,00Â â‚¬*"
Merpan 80 WDG (5kg),5 Kilogramm,"(13,00Â â‚¬* / 1 Kilogramm)","65,00Â â‚¬*"
Metafol 700 SC,5 Liter,"(17,60Â â‚¬* / 1 Liter)","88,00Â â‚¬*"
Metafol Super,5 Liter,"(17,20Â â‚¬* / 1 Liter)","86,00Â â‚¬*"
Metarex Inov,20 Kilogramm,"(4,75Â â‚¬* / 1 Kilogramm)","95,00Â â‚¬*"
Microthiol WG,25 Kilogramm,"(2,20Â â‚¬* / 1 Kilogramm)","55,00Â â‚¬*"
Micula,10 Liter,"(9,90Â â‚¬* / 1 Liter)","99,00Â â‚¬*"
Milbeknock TOP,N/A,N/A,"137,00Â â‚¬*"
Mildicut,10 Liter,"(11,50Â â‚¬* / 1 Liter)","115,00Â â‚¬*"
Milestone,10 Liter,"(35,00Â â‚¬* / 1 Liter)","350,00Â â‚¬*"
Mimic (1l),N/A,N/A,"72,00Â â‚¬*"
Minecto One,800 Gramm,"(54,50Â â‚¬* / 100 Gramm)","436,00Â â‚¬*"
Moddus,N/A,N/A,"61,00Â â‚¬*"
Modolan DC,5 Liter,"(26,80Â â‚¬* / 1 Liter)","134,00Â â‚¬*"
Moncut,5 Liter,"(87,20Â â‚¬* / 1 Liter)","436,00Â â‚¬*"
Mospilan SG,N/A,N/A,"94,00Â â‚¬*"
Moxa 250 (5l),5 Liter,"(26,60Â â‚¬* / 1 Liter)","133,00Â â‚¬*"
Multiple Pro,5 Liter,"(13,40Â â‚¬* / 1 Liter)","67,00Â â‚¬*"
Multivo,10 Liter,"(12,80Â â‚¬* / 1 Liter)","128,00Â â‚¬*"
Multoleo,10 Liter,"(10,50Â â‚¬* / 1 Liter)","105,00Â â‚¬*"
Nando 500 SC (5l),5 Liter,"(27,20Â â‚¬* / 1 Liter)","136,00Â â‚¬*"
Naprop 450,5 Liter,"(24,60Â â‚¬* / 1 Liter)","123,00Â â‚¬*"
Narita XL,5 Liter,"(71,60Â â‚¬* / 1 Liter)","358,00Â â‚¬*"
Natrisan,25 Kilogramm,"(3,92Â â‚¬* / 1 Kilogramm)","98,00Â â‚¬*"
Naturalis,N/A,N/A,"65,00Â â‚¬*"
Navura,5 Liter,"(31,00Â â‚¬* / 1 Liter)","155,00Â â‚¬*"
NeemAzal T/S,N/A,N/A,"98,00Â â‚¬*"
Netzschwefel Stulln,25 Kilogramm,"(2,20Â â‚¬* / 1 Kilogramm)","28,50Â â‚¬*"
Neudosan Neu,10 Liter,"(8,20Â â‚¬* / 1 Liter)","82,00Â â‚¬*"
Nexide,N/A,N/A,"77,00Â â‚¬*"
Nexsuba,0.5 Liter,"(410,00Â â‚¬* / 1 Liter)","205,00Â â‚¬*"
"Niantic (2,5 kg +5 l)",N/A,N/A,"284,00Â â‚¬*"
Nimrod EC,N/A,N/A,"52,00Â â‚¬*"
Novagib (1l),N/A,N/A,"101,00Â â‚¬*"
Novitron DamTec,12 Kilogramm,"(36,75Â â‚¬* / 1 Kilogramm)","441,00Â â‚¬*"
Nutribio N,0.25 Kilogramm,"(544,00Â â‚¬* / 1 Kilogramm)","136,00Â â‚¬*"
Oblix 500,5 Liter,"(23,40Â â‚¬* / 1 Liter)","117,00Â â‚¬*"
Omnera LQM (5l),5 Liter,"(32,80Â â‚¬* / 1 Liter)","164,00Â â‚¬*"
Onyx (5l),5 Liter,"(39,20Â â‚¬* / 1 Liter)","196,00Â â‚¬*"
Ordoval (1l),N/A,N/A,"356,00Â â‚¬*"
Orefa Di-Amide-P,5 Liter,"(34,60Â â‚¬* / 1 Liter)","173,00Â â‚¬*"
"Orefa Prohexadion Plus (1,5kg)",1.5 Kilogramm,"(134,00Â â‚¬* / 1 Kilogramm)","201,00Â â‚¬*"
Orius,10 Liter,"(9,50Â â‚¬* / 1 Liter)","95,00Â â‚¬*"
Orondis Evo,5 Liter,"(53,00Â â‚¬* / 1 Liter)","265,00Â â‚¬*"
Ortiva,N/A,N/A,"32,00Â â‚¬*"
Padelli,5 Liter,"(37,80Â â‚¬* / 1 Liter)","189,00Â â‚¬*"
Panarex (5l),5 Liter,"(11,20Â â‚¬* / 1 Liter)","56,00Â â‚¬*"
Panorama,5 Liter,"(73,20Â â‚¬* / 1 Liter)","366,00Â â‚¬*"
Para Sommer,10 Liter,"(5,20Â â‚¬* / 1 Liter)","52,00Â â‚¬*"
Patton Pro,5 Liter,"(14,00Â â‚¬* / 1 Liter)","70,00Â â‚¬*"
Peak (4x20g),4 StĂĽck,"(24,00Â â‚¬* / 1 StĂĽck)","96,00Â â‚¬*"
Pepton 85/16,5 Kilogramm,"(10,80Â â‚¬* / 1 Kilogramm)","54,00Â â‚¬*"
Pergado,5 Kilogramm,"(19,60Â â‚¬* / 1 Kilogramm)","98,00Â â‚¬*"
Pergovia Pack (2x5l + 1x5l),N/A,N/A,"625,00Â â‚¬*"
Phytoamin,10 Liter,"(6,25Â â‚¬* / 1 Liter)","60,50Â â‚¬*"
Piretro Verde (1l),N/A,N/A,"63,00Â â‚¬*"
Pirimor G,N/A,N/A,"73,00Â â‚¬*"
Pixie Pack (1l Saracen Delta + 10l Duplosan Super),N/A,N/A,"261,00Â â‚¬*"
Pixxaro EC,2 Liter,"(51,50Â â‚¬* / 1 Liter)","103,00Â â‚¬*"
Pointer Plus,0.25 Kilogramm,"(536,00Â â‚¬* / 1 Kilogramm)","146,00Â â‚¬*"
Pointer SX,0.2 Kilogramm,"(490,00Â â‚¬* / 1 Kilogramm)","98,00Â â‚¬*"
Pomax,5 Liter,"(57,00Â â‚¬* / 1 Liter)","285,00Â â‚¬*"
PottaSol,5 Liter,"(5,60Â â‚¬* / 1 Liter)","28,00Â â‚¬*"
PREV-AM,N/A,N/A,"35,00Â â‚¬*"
Previcur Energy (1l),N/A,N/A,"75,00Â â‚¬*"
Primus Perfect,N/A,N/A,"137,00Â â‚¬*"
Proagro-Netzmittel,N/A,N/A,"36,00Â â‚¬*"
Problad,5 Liter,"(31,40Â â‚¬* / 1 Liter)","157,00Â â‚¬*"
"ProClova 0,25kg + 0,5l",N/A,N/A,"137,00Â â‚¬*"
Prodax,3 Kilogramm,"(46,33Â â‚¬* / 1 Kilogramm)","139,00Â â‚¬*"
Profiler,6 Kilogramm,"(19,17Â â‚¬* / 1 Kilogramm)","115,00Â â‚¬*"
Proline,5 Liter,"(35,80Â â‚¬* / 1 Liter)","179,00Â â‚¬*"
Promalin,0.5 Liter,"(170,00Â â‚¬* / 1 Liter)","85,00Â â‚¬*"
Proman,5 Liter,"(29,00Â â‚¬* / 1 Liter)","145,00Â â‚¬*"
Promanal HP,20 Liter,"(6,20Â â‚¬* / 1 Liter)","124,00Â â‚¬*"
ProNet Alfa,5 Liter,"(12,00Â â‚¬* / 1 Liter)","60,00Â â‚¬*"
Pronto Plus,5 Liter,"(26,20Â â‚¬* / 1 Liter)","131,00Â â‚¬*"
Proplant,N/A,N/A,"53,00Â â‚¬*"
Propulse (5l),5 Liter,"(53,80Â â‚¬* / 1 Liter)","269,00Â â‚¬*"
Prosper TEC,N/A,N/A,"29,00Â â‚¬*"
Protendo 250 EC,5 Liter,"(14,00Â â‚¬* / 1 Liter)","70,00Â â‚¬*"
Protendo Extra Pack (5l + 5l),N/A,N/A,"130,00Â â‚¬*"
Protendo Forte,5 Liter,"(27,20Â â‚¬* / 1 Liter)","136,00Â â‚¬*"
Pyrus,N/A,N/A,"47,00Â â‚¬*"
Quantis,10 Liter,"(13,20Â â‚¬* / 1 Liter)","132,00Â â‚¬*"
Quickdown,2.8 Liter,"(26,07Â â‚¬* / 1 Liter)","73,00Â â‚¬*"
Quidam,10 Liter,"(6,20Â â‚¬* / 1 Liter)","62,00Â â‚¬*"
RAIKIRI,5 Liter,"(16,20Â â‚¬* / 1 Liter)","81,00Â â‚¬*"
RAK 1 Neu,504 StĂĽck,"(0,35Â â‚¬* / 1 StĂĽck)","174,00Â â‚¬*"
RAK 1+2 M,504 StĂĽck,"(0,40Â â‚¬* / 1 StĂĽck)","202,00Â â‚¬*"
RAK 3,252 StĂĽck,"(0,56Â â‚¬* / 1 StĂĽck)","142,00Â â‚¬*"
Ranger,2 Liter,"(54,50Â â‚¬* / 1 Liter)","109,00Â â‚¬*"
Ranman Top,N/A,N/A,"78,00Â â‚¬*"
Rapsan 500 SC,5 Liter,"(21,60Â â‚¬* / 1 Liter)","108,00Â â‚¬*"
Rapsan Turbo,5 Liter,"(31,40Â â‚¬* / 1 Liter)","157,00Â â‚¬*"
Raptol HP,N/A,N/A,"133,00Â â‚¬*"
Rasput,5 Liter,"(66,40Â â‚¬* / 1 Liter)","332,00Â â‚¬*"
Ratron Appli-Gun,N/A,N/A,"85,00Â â‚¬*"
Reboot,N/A,N/A,"78,00Â â‚¬*"
"Regalis Plus (1,5kg)",1.5 Kilogramm,"(136,00Â â‚¬* / 1 Kilogramm)","204,00Â â‚¬*"
Remocco 60,5 Liter,"(22,40Â â‚¬* / 1 Liter)","112,00Â â‚¬*"
Revus,5 Liter,"(46,00Â â‚¬* / 1 Liter)","230,00Â â‚¬*"
Revus Pro,5 Liter,"(23,00Â â‚¬* / 1 Liter)","115,00Â â‚¬*"
Revus Top,N/A,N/A,"68,00Â â‚¬*"
Revytrex,5 Liter,"(43,40Â â‚¬* / 1 Liter)","217,00Â â‚¬*"
Revytrex & Comet (3x5l + 5l),N/A,N/A,"755,00Â â‚¬*"
RhizoVital 42 flĂĽssig,5 Liter,"(83,20Â â‚¬* / 1 Liter)","416,00Â â‚¬*"
Roundup Future,5 Liter,"(13,80Â â‚¬* / 1 Liter)","69,00Â â‚¬*"
Roundup REKORD,10 Kilogramm,"(15,50Â â‚¬* / 1 Kilogramm)","148,00Â â‚¬*"
Roxy 800 EC,5 Liter,"(8,00Â â‚¬* / 1 Liter)","40,00Â â‚¬*"
Rubin Plus,10 Liter,"(48,50Â â‚¬* / 1 Liter)","485,00Â â‚¬*"
Runway,0.5 Liter,"(144,00Â â‚¬* / 1 Liter)","72,00Â â‚¬*"
Runway VA,N/A,N/A,"109,00Â â‚¬*"
Saracen,0.25 Liter,"(120,00Â â‚¬* / 1 Liter)","30,00Â â‚¬*"
Saracen Delta,0.5 Liter,"(142,00Â â‚¬* / 1 Liter)","72,00Â â‚¬*"
Saracen Max,100 Gramm,"(0,56Â â‚¬* / 1 Gramm)","56,00Â â‚¬*"
Sarumo,5 Liter,"(17,20Â â‚¬* / 1 Liter)","86,00Â â‚¬*"
Scatto,5 Liter,"(17,20Â â‚¬* / 1 Liter)","86,00Â â‚¬*"
Schaumstopp,0.5 Liter,"(98,00Â â‚¬* / 1 Liter)","49,00Â â‚¬*"
Schaumstopp Pro,N/A,N/A,"14,95Â â‚¬*"
Score,N/A,N/A,"80,00Â â‚¬*"
Sedim 120 + VEXZONE-Pack 2x5l + 1x5l,N/A,N/A,"290,00Â â‚¬*"
Seedron,200 Liter,"(17,80Â â‚¬* / 1 Liter)","3.560,00Â â‚¬*"
Select 240 EC,N/A,N/A,"73,00Â â‚¬*"
Sempra,N/A,N/A,"37,00Â â‚¬*"
Sercadis,N/A,N/A,"139,00Â â‚¬*"
Serenade ASO (5l),5 Liter,"(15,60Â â‚¬* / 1 Liter)","78,00Â â‚¬*"
Setanta Flo 5 l (Kerb Flo),5 Liter,"(23,00Â â‚¬* / 1 Liter)","115,00Â â‚¬*"
Shark,N/A,N/A,"68,00Â â‚¬*"
Shenzi 200 SC,N/A,N/A,"258,00Â â‚¬*"
Shirlan (5l),5 Liter,"(30,20Â â‚¬* / 1 Liter)","151,00Â â‚¬*"
Shock Down,N/A,N/A,"44,00Â â‚¬*"
Shortcut XXL,10 Liter,"(4,60Â â‚¬* / 1 Liter)","46,00Â â‚¬*"
Shorttrack,2.5 Kilogramm,"(125,60Â â‚¬* / 1 Kilogramm)","314,00Â â‚¬*"
Signal 300 ES,20 Liter,"(35,55Â â‚¬* / 1 Liter)","773,00Â â‚¬*"
Signum,5 Kilogramm,"(73,20Â â‚¬* / 1 Kilogramm)","366,00Â â‚¬*"
Silwet Gold,N/A,N/A,"43,00Â â‚¬*"
Simplex,N/A,N/A,"72,00Â â‚¬*"
Simpro,10 Liter,"(10,90Â â‚¬* / 1 Liter)","109,00Â â‚¬*"
Sinclaire,N/A,N/A,"109,00Â â‚¬*"
Sinopia,10 Liter,"(30,60Â â‚¬* / 1 Liter)","306,00Â â‚¬*"
Sirena EC,5 Liter,"(22,80Â â‚¬* / 1 Liter)","114,00Â â‚¬*"
Sirena Pro Pack 5l + 2x5l + 2l,N/A,N/A,"337,00Â â‚¬*"
Sirtaki,5 Liter,"(48,20Â â‚¬* / 1 Liter)","241,00Â â‚¬*"
Sivanto prime,N/A,N/A,"92,00Â â‚¬*"
Skyway Xpro,5 Liter,"(52,20Â â‚¬* / 1 Liter)","261,00Â â‚¬*"
Sluxx HP,20 Kilogramm,"(4,75Â â‚¬* / 1 Kilogramm)","95,00Â â‚¬*"
Soleil (5 l),5 Liter,"(27,00Â â‚¬* / 1 Liter)","135,00Â â‚¬*"
"Spandis Adigor Pack (3x1l + 2x4,5l)",N/A,N/A,"261,00Â â‚¬*"
Spectrum,5 Liter,"(35,40Â â‚¬* / 1 Liter)","177,00Â â‚¬*"
Spectrum Gold,10 Liter,"(21,20Â â‚¬* / 1 Liter)","212,00Â â‚¬*"
Spectrum Plus,10 Liter,"(19,80Â â‚¬* / 1 Liter)","198,00Â â‚¬*"
SpinTor,2 Liter,"(375,00Â â‚¬* / 1 Liter)","185,00Â â‚¬*"
Spintor GR,12 Kilogramm,"(7,42Â â‚¬* / 1 Kilogramm)","89,00Â â‚¬*"
Spirox,N/A,N/A,"35,00Â â‚¬*"
Sporax,5 Liter,"(19,20Â â‚¬* / 1 Liter)","96,00Â â‚¬*"
Spray Plus,5 Liter,"(21,00Â â‚¬* / 1 Liter)","105,00Â â‚¬*"
SprĂĽhmolke 25 kg,25 Kilogramm,"(4,20Â â‚¬* / 1 Kilogramm)","105,00Â â‚¬*"
Spruzit Neu,20 Liter,"(17,20Â â‚¬* / 1 Liter)","344,00Â â‚¬*"
"Stallfliegenmittel Alba (0,5l)",0.5 Liter,"(88,00Â â‚¬* / 1 Liter)","44,00Â â‚¬*"
Stemat (5l),5 Liter,"(23,60Â â‚¬* / 1 Liter)","118,00Â â‚¬*"
Stomp Aqua,10 Liter,"(19,40Â â‚¬* / 1 Liter)","194,00Â â‚¬*"
Successor 600,10 Liter,"(22,30Â â‚¬* / 1 Liter)","223,00Â â‚¬*"
Successor T,10 Liter,"(13,40Â â‚¬* / 1 Liter)","134,00Â â‚¬*"
Successor Top 4.0 2x10l + 1x5l,N/A,N/A,"321,00Â â‚¬*"
SulfoLiq 800 SC,10 Liter,"(4,30Â â‚¬* / 1 Liter)","19,00Â â‚¬*"
Sumicidin Alpha EC (5l),5 Liter,"(28,40Â â‚¬* / 1 Liter)","142,00Â â‚¬*"
Supporter,5 Liter,"(191,60Â â‚¬* / 1 Liter)","958,00Â â‚¬*"
Switch,N/A,N/A,"119,00Â â‚¬*"
Sword,N/A,N/A,"86,00Â â‚¬*"
Syllit,5 Liter,"(22,80Â â‚¬* / 1 Liter)","114,00Â â‚¬*"
Tabara,5 Liter,"(28,80Â â‚¬* / 1 Liter)","144,00Â â‚¬*"
Taegro,370 Gramm,"(0,15Â â‚¬* / 1 Gramm)","55,00Â â‚¬*"
Talendo (1l),N/A,N/A,"82,00Â â‚¬*"
Talendo Extra (1l),N/A,N/A,"93,00Â â‚¬*"
Tanaris,5 Liter,"(47,60Â â‚¬* / 1 Liter)","238,00Â â‚¬*"
Tandus,5 Liter,"(13,60Â â‚¬* / 1 Liter)","68,00Â â‚¬*"
Tanika Mais Combo 3x 1l + 5l + 5l,N/A,N/A,"190,00Â â‚¬*"
TARGA SUPER,5 Liter,"(11,40Â â‚¬* / 1 Liter)","57,00Â â‚¬*"
Task,2.228 Liter,"(91,11Â â‚¬* / 1 Liter)","203,00Â â‚¬*"
Tebucur 250 EW,5 Liter,"(12,20Â â‚¬* / 1 Liter)","61,00Â â‚¬*"
Teldor,N/A,N/A,"98,00Â â‚¬*"
Temsa SC (5l),5 Liter,"(12,80Â â‚¬* / 1 Liter)","64,00Â â‚¬*"
Teppeki,0.5 Kilogramm,"(212,00Â â‚¬* / 1 Kilogramm)","106,00Â â‚¬*"
Terminus (5l),5 Liter,"(29,00Â â‚¬* / 1 Liter)","145,00Â â‚¬*"
Terplex,5 Liter,"(29,20Â â‚¬* / 1 Liter)","146,00Â â‚¬*"
Thiopron,10 Liter,"(5,40Â â‚¬* / 1 Liter)","54,00Â â‚¬*"
Thiovit Jet,25 Kilogramm,"(2,20Â â‚¬* / 1 Kilogramm)","55,00Â â‚¬*"
Tilmor,5 Liter,"(30,60Â â‚¬* / 1 Liter)","153,00Â â‚¬*"
Tokyo,5 Liter,"(14,00Â â‚¬* / 1 Liter)","70,00Â â‚¬*"
Tomigan 200,N/A,N/A,"26,00Â â‚¬*"
Tonivit,5 Liter,"(11,00Â â‚¬* / 1 Liter)","55,00Â â‚¬*"
Topas,N/A,N/A,"40,00Â â‚¬*"
Toprex,N/A,N/A,"68,00Â â‚¬*"
Torso,5 Liter,"(25,80Â â‚¬* / 1 Liter)","129,00Â â‚¬*"
Traciafin,5 Liter,"(16,00Â â‚¬* / 1 Liter)","80,00Â â‚¬*"
Traxos,N/A,N/A,"189,00Â â‚¬*"
Trebon 30 EC,N/A,N/A,"72,00Â â‚¬*"
Treso,5 Liter,"(89,60Â â‚¬* / 1 Liter)","448,00Â â‚¬*"
Triclo,5 Liter,"(29,60Â â‚¬* / 1 Liter)","148,00Â â‚¬*"
Trifolio S-forte,5 Liter,"(15,20Â â‚¬* / 1 Liter)","76,00Â â‚¬*"
Trimmer WG,250 Gramm,"(0,13Â â‚¬* / 1 Gramm)","32,00Â â‚¬*"
Trinity,10 Liter,"(17,20Â â‚¬* / 1 Liter)","172,00Â â‚¬*"
Turbine,N/A,N/A,"71,00Â â‚¬*"
U 46 D Fluid,N/A,N/A,"27,00Â â‚¬*"
Univoq,5 Liter,"(36,00Â â‚¬* / 1 Liter)","180,00Â â‚¬*"
Univoq Xtra 5l + 1l,N/A,N/A,"373,00Â â‚¬*"
Unix Pro (5kg Unix + 5l Pecari 300 EC),N/A,N/A,"386,00Â â‚¬*"
Utrisha N,N/A,N/A,"114,00Â â‚¬*"
Vastimo,10 Liter,"(37,10Â â‚¬* / 1 Liter)","371,00Â â‚¬*"
Vegas Plus,5 Liter,"(32,40Â â‚¬* / 1 Liter)","177,00Â â‚¬*"
Verben,5 Liter,"(45,20Â â‚¬* / 1 Liter)","226,00Â â‚¬*"
Verimark,N/A,N/A,"454,00Â â‚¬*"
Veriphos,10 Liter,"(8,30Â â‚¬* / 1 Liter)","83,00Â â‚¬*"
Vextadim 240 EC + VexZone (5l + 5l),N/A,N/A,"288,00Â â‚¬*"
VextaSil,3 Liter,"(35,67Â â‚¬* / 1 Liter)","107,00Â â‚¬*"
Vibrance Trio,50 Liter,"(33,50Â â‚¬* / 1 Liter)","1.675,00Â â‚¬*"
Videryo F,5 Liter,"(19,20Â â‚¬* / 1 Liter)","96,00Â â‚¬*"
Vintec (100g),100 Gramm,"(1,01Â â‚¬* / 1 Gramm)","101,00Â â‚¬*"
Viper Compact,5 Liter,"(24,00Â â‚¬* / 1 Liter)","134,00Â â‚¬*"
Vitisan,5 Kilogramm,"(8,80Â â‚¬* / 1 Kilogramm)","44,00Â â‚¬*"
Vivando,N/A,N/A,"92,00Â â‚¬*"
Vivendi 100,N/A,N/A,"42,00Â â‚¬*"
Voliam,0.5 Liter,"(344,00Â â‚¬* / 1 Liter)","173,00Â â‚¬*"
Voyager,5 Liter,"(35,80Â â‚¬* / 1 Liter)","179,00Â â‚¬*"
Weddell,5 Kilogramm,"(60,80Â â‚¬* / 1 Kilogramm)","304,00Â â‚¬*"
Xenial,5 Liter,"(79,60Â â‚¬* / 1 Liter)","398,00Â â‚¬*"
"XenTari (0,5kg)",0.5 Kilogramm,"(68,00Â â‚¬* / 1 Kilogramm)","34,00Â â‚¬*"
Ympact,10 Liter,"(31,10Â â‚¬* / 1 Liter)","311,00Â â‚¬*"
Zenby Flex (5l Zenby + 5l Patel 300 EC),N/A,N/A,"509,00Â â‚¬*"
Zentero SPR,N/A,N/A,"29,00Â â‚¬*"
"Zeppos Pack (2,5l + 5l)",N/A,N/A,"284,00Â â‚¬*"
ZitronensĂ¤ure,5 Liter,"(7,80Â â‚¬* / 1 Liter)","39,00Â â‚¬*"
Zorvec Entecta,N/A,N/A,"177,00Â â‚¬*"
Zorvec Vinabel,N/A,N/A,"102,00Â â‚¬*"
Zoxis Super,5 Liter,"(13,60Â â‚¬* / 1 Liter)","68,00Â â‚¬*"
Zypar,5 Liter,"(29,20Â â‚¬* / 1 Liter)","146,00Â â‚¬*"
