Handelsbezeichnung,Grundpreis,Gebindepreis
"1,4 Sight","225,19 € / l","2.251,90 € pro 10 l Kanister"
Abran,"14,28 € / l","71,40 € pro 5 l Kanister"
Access,"4,43 € / l","44,30 € pro 10 l Kanister"
Accurate,"250,00 € / kg","25,00 € pro 0.1 Stück"
Afrasa Triple WG,"17,41 € / kg","104,46 € pro 6 Stück"
Agil-S,"22,14 € / l","221,40 € pro 10 l Kanister"
Agrar-Öl,"4,61 € / l","92,20 € pro 20 l Kanister"
Agroclean Hochwirksamer Spritzenreiniger,"50,16 € / kg","50,16 € pro 1 Stück"
Agrotop Messbecher Quick Check,"35,84 € / St","35,84 € pro 1 Stück"
Agrotop Messzylinder,"70,57 € / St","70,57 € pro 1 Stück"
Agrotop Messzylinder,"47,58 € / St","47,58 € pro 1 Stück"
Aliette WG,"15,04 € / kg","90,24 € pro 6 Stück"
Alliance,"211,32 € / kg","211,32 € pro 1 Stück"
Allstar,"134,52 € / l","672,60 € pro 5 l Kanister"
Altivate 6 WG,"43,21 € / kg","216,05 € pro 5 kg Pack"
Alustreifen,"14,78 € / St","14,78 € pro 1 Stück"
Amistar Gold,"24,12 € / l","120,60 € pro 5 l Kanister"
Amistar Max,"15,06 € / l","75,30 € pro 5 l Kanister"
Angelus,"40,07 € / l","200,35 € pro 5 l Kanister"
Antarktis,"13,85 € / l","69,25 € pro 5 l Kanister"
ARAG Düse,"54,48 € / St","54,48 € pro 1 Stück"
ARAG Schaummarkierer,"705,85 € / St","705,85 € pro 1 Stück"
ARAG Schaummarkierer-Satz,"705,85 € / St","705,85 € pro 1 Stück"
ARAG Schaummittelkonzentrat,"48,30 € / St","48,30 € pro 1 Stück"
ARAG Schaummittelkonzentrat,"157,96 € / St","157,96 € pro 1 Stück"
Architect + Turbo,"16,24 € / l","243,60 € pro 15 l Pack"
Ariane C,"25,95 € / l","389,25 € pro 15 l Kanister"
Arigo,"83,79 € / kg","502,74 € pro 6 kg Pack"
Arinex 30,"4,46 € / kg","89,20 € pro 20 kg Sack"
Ärmelschürze Pflanzenschutz,"41,83 € / St","41,83 € pro 1 Stück"
Artist,Preis auf Anfrage,
Artus,"497,73 € / kg","1.244,33 € pro 2.5 Stück"
Ascra Xpro,"46,69 € / l","700,35 € pro 15 l Kanister"
Askon,"56,45 € / l","282,25 € pro 5 l Kanister"
"ASPÖCK Leuchte, weiß","31,79 € / St","31,79 € pro 1 Stück"
Atlantis Flex + Biopower,"45,18 € / kg","293,67 € pro 6.5 kg Pack"
ATR Spritzenreiniger,"22,64 € / l","113,20 € pro 5 l Kanister"
Attribut,"511,47 € / kg","153,44 € pro 0.3 Stück"
Aurelia,"14,28 € / l","71,40 € pro 5 l Kanister"
Aurora,"351,20 € / kg","35,12 € pro 0.1 Stück"
Auxo Plus Pack,"27,40 € / l","313,73 € pro 11.45 l Pack"
Avastel Pack,"24,17 € / l","362,55 € pro 15 l Pack"
Avoxa,"30,72 € / l","153,60 € pro 5 l Kanister"
Axial 50,"40,33 € / l","806,60 € pro 20 l Kanister"
Axial Komplett,"37,43 € / l","187,15 € pro 5 l Kanister"
Balaya,"43,23 € / l","432,30 € pro 10 l Kanister"
Balaya + Morex,"33,85 € / l","565,30 € pro 16.7 l Pack"
Bandur,"17,63 € / l","88,15 € pro 5 l Kanister"
Barclay Gallup Biograde 450,"6,89 € / l","137,80 € pro 20 l Kanister"
BarclayGallupBiograde 360,"5,05 € / l","101,00 € pro 20 l Kanister"
BarclayGallupHi-Aktiv,"7,50 € / l","150,00 € pro 20 l Kanister"
Baruka 50 EC,"8,62 € / l","43,10 € pro 5 l Kanister"
Basilico,"13,78 € / l","68,90 € pro 5 l Kanister"
BAT Pro Schaumfrei,"33,06 € / l","33,06 € pro 1 l Flasche"
BAT Pro Spritzenreiniger,"19,60 € / l","98,00 € pro 5 l Kanister"
Battle Delta,"70,00 € / l","350,00 € pro 5 l Kanister"
BeFlex,"52,56 € / l","262,80 € pro 5 l Kanister"
Belanty,"18,20 € / l","91,00 € pro 5 l Kanister"
Belkar Power Pack,"104,50 € / l","1.567,50 € pro 15 l Pack"
Bellis,"69,21 € / kg","346,05 € pro 5 Stück"
Beloukha,"20,49 € / l","204,90 € pro 10 l Kanister"
Belvedere Duo,"28,29 € / l","141,45 € pro 5 l Kanister"
Betanal Tandem Pack,"14,19 € / l","141,90 € pro 10 l Pack"
Betasana Perfekt Pack,"13,19 € / l","263,80 € pro 20 l Pack"
Betasana SC,"12,48 € / l","62,40 € pro 5 l Kanister"
Biathlon 4D Pack,"28,35 € / kg","455,02 € pro 16.05 kg Pack"
Biotrinsic i30 duo FP,"1.950,00 € / kg","97,50 € pro 0.05 Stück"
BIOX-M,"68,00 € / l","1.360,00 € pro 20 l Kanister"
Bolt,"14,28 € / l","71,40 € pro 5 l Kanister"
Boom efekt,"5,05 € / l","101,00 € pro 20 l Kanister"
Boscalid 500 WG,"73,00 € / kg","182,50 € pro 2.5 Stück"
Botiga,"34,09 € / l","170,45 € pro 5 l Kanister"
Boudha,"630,94 € / kg","315,47 € pro 0.5 Stück"
Boxer,"6,91 € / l","138,20 € pro 20 l Kanister"
Boxer Sencor liquid Pack,"11,06 € / l","188,02 € pro 17 l Pack"
Broadway + FHS,"39,92 € / kg","239,52 € pro 6 kg Pack"
Broadway Plus + FHS,"44,24 € / kg","234,47 € pro 5.3 kg Pack"
Bulldock Top,"33,00 € / kg","99,00 € pro 3 Stück"
Butisan Gold,"35,91 € / l","359,10 € pro 10 l Kanister"
Butisan Kombi,"23,49 € / l","117,45 € pro 5 l Kanister"
Butisan Top,"31,75 € / l","158,75 € pro 5 l Kanister"
Calaris,"26,91 € / l","134,55 € pro 5 l Kanister"
Callisto,"16,82 € / l","84,10 € pro 5 l Kanister"
Callisto P Flexx,"47,52 € / l","338,34 € pro 7.12 l Pack"
Calma,"24,47 € / l","122,35 € pro 5 l Kanister"
Caluma,"12,65 € / l","63,25 € pro 5 l Kanister"
Camposan Top,"25,40 € / l","127,00 € pro 5 l Kanister"
Cantus Ultra,"53,85 € / l","269,25 € pro 5 l Kanister"
Carax,"33,83 € / l","169,15 € pro 5 l Kanister"
Carial Flex,"52,80 € / kg","264,00 € pro 5 Stück"
Carmina 640,"16,16 € / l","161,60 € pro 10 l Kanister"
Carmina Complett,"23,29 € / l","243,01 € pro 10.434 l Pack"
Carnadine,"71,63 € / l","358,15 € pro 5 l Kanister"
Carnadine 200,"71,63 € / l","358,15 € pro 5 l Kanister"
Carpatus SC,"70,00 € / l","350,00 € pro 5 l Kanister"
Cato,"124,15 € / l","434,53 € pro 3.5 l Pack"
CCC 720,"3,66 € / l","36,60 € pro 10 l Kanister"
Centium 36 CS,"138,72 € / l","416,16 € pro 3 l Kanister"
Cerone 660,"24,49 € / l","122,45 € pro 5 l Kanister"
Chorus,"92,74 € / kg","92,74 € pro 1 Stück"
Clap,"89,00 € / l","445,00 € pro 5 l Kanister"
Clayton Docker,"45,54 € / l","227,70 € pro 5 l Kanister"
Cleanshot,"185,22 € / kg","92,61 € pro 0.5 Stück"
Clearfield-Clentiga,"28,70 € / l","287,00 € pro 10 l Pack"
Clematis,"39,66 € / l","198,30 € pro 5 l Kanister"
Clomazone 360 CS,"41,52 € / l","207,60 € pro 5 l Kanister"
Clyde FX,"11,92 € / l","59,60 € pro 5 l Kanister"
Colzor Trio,"20,95 € / l","419,00 € pro 20 l Kanister"
Colzor Uno Flex,"13,16 € / l","131,60 € pro 10 l Kanister"
Compola,"12,21 € / l","122,10 € pro 10 l Kanister"
Compola Addition Pack,"14,25 € / l","285,00 € pro 20 l Pack"
Concert SX,"213,61 € / kg","961,25 € pro 4.5 Stück"
Coragen,"302,24 € / l","1.511,20 € pro 5 l Kanister"
Countdown NT,"29,99 € / l","149,95 € pro 5 l Kanister"
Croupier OD,"44,00 € / l","220,00 € pro 5 l Kanister"
Cuprozin Progress,"34,40 € / l","172,00 € pro 5 l Kanister"
Curzate 60 WG,"50,26 € / kg","75,39 € pro 1.5 Stück"
Cyperkill Max,"46,84 € / l","234,20 € pro 5 l Kanister"
Daneva,"12,20 € / l","61,00 € pro 5 l Kanister"
Danjiri,"75,76 € / kg","378,80 € pro 5 kg Kanister"
Darby,"12,27 € / l","61,35 € pro 5 l Kanister"
Decis forte,"64,64 € / l","323,20 € pro 5 l Kanister"
Dedevap plus,"129,96 € / l","64,98 € pro 0.5 Stück"
Delan Pro,"14,15 € / l","141,50 € pro 10 l Kanister"
Delan WG,"50,15 € / kg","250,75 € pro 5 Stück"
Delaro Forte,"28,33 € / l","141,65 € pro 5 l Kanister"
Diadem,"60,52 € / l","302,60 € pro 5 l Kanister"
Diagonal Komplett,"13,20 € / l","66,00 € pro 5 l Kanister"
Diflanil 500 SC,"30,44 € / l","152,20 € pro 5 l Kanister"
Diniro,"27,32 € / l","262,27 € pro 9.6 l Pack"
Dirigent SX,"517,22 € / kg","517,22 € pro 1 Stück"
Domark 10 EC,"16,00 € / l","80,00 € pro 5 l Kanister"
Dragster+Vivolt,"54,80 € / kg","117,27 € pro 2.14 kg Pack"
Duplosan DP,"18,24 € / l","182,40 € pro 10 l Kanister"
Duplosan Super,"14,24 € / l","142,40 € pro 10 l Kanister"
Dynali,"43,63 € / l","218,15 € pro 5 l Kanister"
e-breathe Partikelfilter,"22,61 € / St","22,61 € pro 1 Stück"
Einweganzug,"53,32 € / St","53,32 € pro 1 Stück"
Einwegschutzanzug Tomtex,"45,28 € / St","45,28 € pro 1 Stück"
Elatus Era,"61,54 € / l","267,45 € pro 5 l Kanister"
Elatus Era Folpan,"27,67 € / l","345,88 € pro 12.5 l Pack"
Elatus Era Sympara,"42,35 € / l","847,00 € pro 20 l Pack"
Elatus Plus Plexeo,"33,50 € / l","418,75 € pro 12.5 l Pack"
Elektronischer Düsentester DigE-Check,"440,06 € / St","440,06 € pro 1 Stück"
Elumis P Pack,"35,06 € / l","178,10 € pro 5.08 l Pack"
Evure,"53,28 € / l","266,40 € pro 5 l Kanister"
Exirel®,"187,81 € / l","187,81 € pro 1 l Flasche"
Fabulis OD,"21,90 € / l","219,00 € pro 10 l Kanister"
Fence,"66,00 € / l","330,00 € pro 5 l Kanister"
Fence Addition Pack,"29,90 € / l","598,00 € pro 20 l Pack"
Ferrex Schnecken-Linsen,"4,38 € / kg","109,50 € pro 25 kg Sack"
Finy,"235,20 € / kg","23,52 € pro 0.1 Stück"
Flexidor,"227,29 € / l","227,29 € pro 1 l Flasche"
Flexure,"34,20 € / l","171,00 € pro 5 l Kanister"
Flint,"160,30 € / kg","160,30 € pro 1 Stück"
Floramite 240 SC,"443,02 € / l","443,02 € pro 1 l Flasche"
Flua Power,"20,73 € / l","103,65 € pro 5 l Kanister"
Focus Aktiv,"21,43 € / l","321,45 € pro 15 l Pack"
Folicur,"18,46 € / l","92,30 € pro 5 l Kanister"
Folpan 500 SC,"13,76 € / l","68,80 € pro 5 l Kanister"
Folpan 80 WDG,"10,92 € / kg","54,60 € pro 5 Stück"
Forapro,"35,06 € / l","175,30 € pro 5 l Kanister"
Fox,"29,07 € / l","145,35 € pro 5 l Kanister"
Frostschutz-Konzentrat für Feldspritzen,"3,41 € / l","34,10 € pro 10 l Kanister"
Frunax DS Contra Ratte,"37,95 € / St","37,95 € pro 1 Stück"
Frunax DS contra Ratten + 2 Rattenköderdepots,"128,60 € / St","128,60 € pro 1 Stück"
Fuego,"21,43 € / l","214,30 € pro 10 l Kanister"
Fuego Top,"31,34 € / l","313,40 € pro 10 l Kanister"
Fuego+Clomazone Pack,"24,75 € / l","445,50 € pro 18 l Pack"
Funguran progress,"18,97 € / kg","189,70 € pro 10 kg Sack"
Fusilade MAX,"26,73 € / l","133,65 € pro 5 l Kanister"
Gajus,"20,02 € / l","200,20 € pro 10 l Kanister"
Garlon,"75,34 € / l","37,67 € pro 0.5 l Flasche"
Gelbschale,"6,63 € / St","6,63 € pro 1 Stück"
Glotron 700 SC,"16,18 € / l","80,90 € pro 5 l Kanister"
Goltix Gold,"16,53 € / l","82,65 € pro 5 l Kanister"
Goltix Titan,"27,24 € / l","272,40 € pro 10 l Kanister"
Goltix Titan Belvedere Pack,"26,22 € / l","458,85 € pro 17.5 l Pack"
Gramfix,"12,23 € / l","61,15 € pro 5 l Kanister"
GRANIT Anschlusskabel,"60,14 € / St","60,14 € pro 1 Stück"
GRANIT Beleuchtungssatz,"760,64 € / St","760,64 € pro 1 Stück"
GRANIT Click-In Handcrimpzange,"78,13 € / St","78,13 € pro 1 Stück"
GRANIT Click-In Klemmstück,"8,07 € / St","8,07 € pro 1 Stück"
GRANIT Click-In Leitung,"9,03 € / St","9,03 € pro 1 Stück"
GRANIT Getreidefeuchte-/Gewichtmesser Wile 200,"461,52 € / St","461,52 € pro 1 Stück"
GRANIT Getreidefeuchtemessgerät,"313,97 € / St","304,47 € pro 1 Stück"
GRANIT Getreidefeuchtemessgerät Farmex MT Pro Plus,"284,02 € / St","284,02 € pro 1 Stück"
GRANIT Heu-/ Stroh- Feuchtigkeitsmessgerät,"253,57 € / St","253,57 € pro 1 Stück"
GRANIT LED Arbeitsscheinwerfer f. Feldspritze,"58,55 € / St","58,55 € pro 1 Stück"
GRANIT Mausefalle,"9,93 € / St","9,93 € pro 1 Stück"
GRANIT Rattenfalle,"14,53 € / St","14,53 € pro 1 Stück"
GRANIT Verteilerblock,"56,87 € / St","56,87 € pro 1 Stück"
GRANIT Wassersensitives Papier,"54,23 € / St","54,23 € pro 1 Stück"
Haksar 500 SL,"8,88 € / l","88,80 € pro 10 l Kanister"
Halbmaske Force 8,"26,32 € / St","26,32 € pro 1 Stück"
Handgeführter Windmesser,"71,95 € / St","71,95 € pro 1 Stück"
Harmony SX,"1.399,56 € / kg","125,96 € pro 0.09 Stück"
Hasten,"11,04 € / l","55,20 € pro 5 l Kanister"
Heliosol,"16,59 € / l","82,95 € pro 5 l Kanister"
Hella Steckverbinder-Set 8KW744806801,"13,30 € / St","13,30 € pro 1 Stück"
Helsinki,"14,28 € / l","71,40 € pro 5 l Kanister"
"Herbizid-Resistenztest ""Boden Pro""","189,00 € / St","189,00 € pro 1 Stück"
"Herbizid-Resistenztest ""Erweitert""","259,00 € / St","259,00 € pro 1 Stück"
"Herbizid-Resistenztest ""Start""","169,00 € / St","169,00 € pro 1 Stück"
Herbosol,"24,01 € / l","120,05 € pro 5 l Kanister"
Herold SC,"72,00 € / l","360,00 € pro 5 l Kanister"
Hill-Star,"13,16 € / l","65,80 € pro 5 l Kanister"
Hoestar Super,"115,12 € / kg","345,36 € pro 3 Stück"
Hurler,"13,65 € / l","68,25 € pro 5 l Kanister"
Husar Plus Pack,"29,76 € / l","535,68 € pro 18 l Pack"
Incelo Komplett,"47,71 € / l","333,97 € pro 7 l Pack"
Infinito,"23,99 € / l","119,95 € pro 5 l Kanister"
Input Classic,"34,50 € / l","172,50 € pro 5 l Kanister"
Input Triple,"43,19 € / l","647,85 € pro 15 l Kanister"
Intuity,"24,57 € / l","122,85 € pro 5 l Kanister"
Jaguar,"71,00 € / l","213,00 € pro 3 l Kanister"
Jessico Duo Pack,"41,80 € / l","334,40 € pro 8 l Pack"
Jordi,"46,07 € / l","230,35 € pro 5 l Kanister"
Jura,"9,09 € / l","90,90 € pro 10 l Kanister"
K Obiol EC 25,"68,32 € / l","68,32 € pro 1 l Flasche"
Kalamos,"22,00 € / l","110,00 € pro 5 l Kanister"
Kanemite SC,"79,00 € / l","79,00 € pro 1 l Flasche"
Kantor,"29,50 € / l","147,50 € pro 5 l Kanister"
Karate 0.4GR,"4,21 € / kg","42,10 € pro 10 kg Sack"
Karate Forst flüssig,"158,07 € / l","158,07 € pro 1 l Flasche"
Karate Zeon,"97,04 € / l","485,20 € pro 5 l Kanister"
Karibu,"30,72 € / l","614,40 € pro 20 l Kanister"
Katana,"702,60 € / kg","140,52 € pro 0.2 Stück"
Kayak,"16,08 € / l","80,40 € pro 5 l Kanister"
Kenja,"105,40 € / l","527,00 € pro 5 l Kanister"
Kerb Flo,"24,95 € / l","124,75 € pro 5 l Kanister"
Kezuro,"34,11 € / l","170,55 € pro 5 l Kanister"
Kingston,"25,88 € / l","129,40 € pro 5 l Kanister"
Kinvara,"17,03 € / l","170,30 € pro 10 l Kanister"
Kiron,"65,75 € / l","328,75 € pro 5 l Kanister"
Kombifilter A2B2-P3 R SL,"44,92 € / St","44,92 € pro 1 Stück"
Kombinationsfilter A2B2E2K2-P3 PM,"69,30 € / St","69,30 € pro 1 Stück"
Kombinationsfilter A2P3,"43,13 € / St","43,13 € pro 1 Stück"
Kornitol Rot,"16,35 € / l","81,75 € pro 5 l Kanister"
Kornitol Strip,"6,40 € / St","6,40 € pro 1 Stück"
Korvetto,"40,94 € / l","204,70 € pro 5 l Kanister"
Kumar,"15,29 € / kg","152,90 € pro 10 kg Sack"
Kumulus WG,"2,69 € / kg","67,25 € pro 25 kg Sack"
Kyleo,"14,76 € / l","214,50 € pro 15 l Kanister"
Landor CT Beize,"37,74 € / l","377,40 € pro 10 l Kanister"
Laudis,"30,12 € / l","150,60 € pro 5 l Kanister"
Laudis Aspect Pack,Preis auf Anfrage,
Laudis Plus,"29,05 € / l","174,30 € pro 6 l Pack"
Leander,"30,25 € / l","151,25 € pro 5 l Kanister"
Lebosol Zitronensäure,"7,06 € / l","35,30 € pro 5 l Kanister"
Lebosol®-Schaumstopp PRO,"32,57 € / l","32,57 € pro 1 l Flasche"
Lechler Hektar-Mengen-Rechner,"12,07 € / St","12,07 € pro 1 Stück"
Lentagran WP,"66,59 € / kg","66,59 € pro 1 Stück"
Lentipur 700,"17,91 € / l","179,10 € pro 10 l Kanister"
Lima Oro 5,"4,06 € / kg","81,20 € pro 20 kg Sack"
Lodin,"14,16 € / l","70,80 € pro 5 l Kanister"
Lontrel 600,"219,40 € / l","219,40 € pro 1 l Flasche"
Luna Experience,"71,35 € / l","356,75 € pro 5 l Kanister"
Luna Max,"31,52 € / l","31,52 € pro 1 l Flasche"
Luna Sensation,"160,71 € / l","803,55 € pro 5 l Kanister"
Lupus SX Mais,"957,67 € / kg","143,65 € pro 0.15 Stück"
Lynx,"12,00 € / l","60,00 € pro 5 l Kanister"
Magnello,"30,67 € / l","153,35 € pro 5 l Kanister"
Mais Banvel Flüssig,"33,00 € / l","165,00 € pro 5 l Kanister"
Mais Banvel WG,"59,51 € / kg","59,51 € pro 1 Stück"
MaisTer power,"42,47 € / l","212,35 € pro 5 l Kanister"
MaisTer power Aspect Pack,Preis auf Anfrage,
MaisTer power Flexx Pack,"46,19 € / l","554,28 € pro 12 l Pack"
Malibu EC,"16,90 € / l","169,00 € pro 10 l Kanister"
Malvin WG,"12,80 € / kg","128,00 € pro 10 Stück"
Mateno Forte Set,"51,98 € / l","93,56 € pro 1.8 l Pack"
Mavrik Vita,"53,27 € / l","266,35 € pro 5 l Kanister"
Medax Top + Turbo,"17,81 € / l","178,10 € pro 10 l Pack"
Melody Combi,"23,48 € / kg","140,88 € pro 6 Stück"
Merlin Duo Pack,"29,67 € / l","593,40 € pro 20 l Pack"
Merpan 80 WDG,"12,62 € / kg","63,10 € pro 5 Stück"
Mertil,"68,00 € / l","340,00 € pro 5 l Kanister"
Metafol SC,"16,14 € / l","80,70 € pro 5 l Kanister"
Metarex Inov Schneckenkorn,"5,34 € / kg","106,80 € pro 20 kg Sack"
Metric,"33,85 € / l","169,25 € pro 5 l Kanister"
Microthiol WG,"2,46 € / kg","61,50 € pro 25 kg Sack"
Milbeknock Top,"117,73 € / l","588,65 € pro 5 l Kanister"
Mildicut,"10,94 € / l","109,40 € pro 10 l Kanister"
Milestone,"36,22 € / l","362,20 € pro 10 l Kanister"
Mimic,"67,36 € / l","67,36 € pro 1 l Flasche"
Minecto one,"544,68 € / kg","435,74 € pro 0.8 Stück"
Mistral,"30,33 € / kg","151,65 € pro 5 Stück"
Modan 250 EC,"30,50 € / l","152,50 € pro 5 l Kanister"
Moddevo,"24,49 € / l","24,49 € pro 1 l Flasche"
Moddus,"39,01 € / l","195,05 € pro 5 l Kanister"
Mollustop Schneckenkorn,"3,94 € / kg","98,50 € pro 25 kg Sack"
MonCut,"85,45 € / l","427,25 € pro 5 l Kanister"
Mospilan® SG,"76,97 € / kg","384,85 € pro 5 kg Kanister"
Motivell forte,"18,66 € / l","93,30 € pro 5 l Kanister"
myAGRAR Messbecher 3l,"11,85 € / St","11,85 € pro 1 Stück"
Napus flüssig,"24,85 € / l","248,50 € pro 10 l Kanister"
Narita,"35,58 € / l","177,90 € pro 5 l Kanister"
Narita XL,"71,05 € / l","355,25 € pro 5 l Kanister"
Navura,"29,55 € / l","147,75 € pro 5 l Kanister"
Neudosan Neu,"8,00 € / l","80,00 € pro 10 l Kanister"
Nexide®,"66,91 € / l","66,91 € pro 1 l Kanister"
Niantic,"35,97 € / kg","269,78 € pro 7.5 kg Pack"
Novitron DamTec,"36,75 € / kg","441,00 € pro 12 Stück"
Omen Spritzenreiniger,"22,63 € / l","113,15 € pro 5 l Kanister"
Omix Duo,"12,14 € / l","121,40 € pro 10 l Kanister"
Omnera LQM,"30,81 € / l","154,05 € pro 5 l Kanister"
Ordoval,"360,80 € / l","360,80 € pro 1 l Flasche"
Orius,"9,10 € / l","91,00 € pro 10 l Kanister"
Ortiva,"17,66 € / l","88,30 € pro 5 l Kanister"
Osiris MP,"18,64 € / l","279,60 € pro 15 l Pack"
P3 Partikelfilter PM,"26,77 € / St","26,77 € pro 1 Stück"
P3 R Partikelfilter BLS 401,"30,05 € / St","30,05 € pro 1 Stück"
Padawan Plus,"14,34 € / l","71,70 € pro 5 l Kanister"
Panarex,"10,99 € / l","54,95 € pro 5 l Kanister"
Panorama,"72,01 € / l","360,05 € pro 5 l Kanister"
Para Sommer,"4,83 € / l","48,30 € pro 10 l Kanister"
Peak,"766,25 € / kg","61,30 € pro 0.08 Stück"
Pflanzenschutz Set,"98,24 € / St","98,24 € pro 1 Stück"
Phantom,"21,86 € / l","109,30 € pro 5 Stück"
Phixer,"10,30 € / l","51,50 € pro 5 l Kanister"
Piadin,"3,80 € / l","760,00 € pro 200 l Fass"
Pirimor G,"63,69 € / kg","318,45 € pro 5 Stück"
Pixxaro EC,"47,77 € / l","238,85 € pro 5 l Kanister"
Plaza,"71,71 € / l","89,64 € pro 1.25 l Pack"
Plexeo,"21,01 € / l","78,79 € pro 3.75 l Kanister"
PM Profi-Overall,"296,57 € / St","296,57 € pro 1 Stück"
Pointer Plus,"515,91 € / kg","515,91 € pro 1 Stück"
Pointer SX,"422,66 € / kg","422,66 € pro 1 Stück"
Previcur Energy,"71,99 € / l","71,99 € pro 1 l Flasche"
Primero,"7,90 € / l","39,50 € pro 5 l Kanister"
Primus Perfect,"124,52 € / l","622,60 € pro 5 l Kanister"
Principal plus,"58,34 € / l","431,72 € pro 7.4 l Pack"
Principal S Pack,"19,32 € / l","436,63 € pro 22.6 l Pack"
Proagro Schaumfrei,"30,20 € / l","30,20 € pro 1 l Flasche"
Procer 300 EC,"17,15 € / l","85,75 € pro 5 l Kanister"
ProClova,"175,01 € / kg","131,26 € pro 0.75 kg Pack"
Prodax,"45,31 € / kg","135,93 € pro 3 kg Kanister"
Profi-Chemikalien-Schutzhandschuh grün,"3,16 € / St","3,16 € pro 1 Stück"
Profiler,"17,48 € / kg","104,88 € pro 6 Stück"
Proman,"29,14 € / l","145,70 € pro 5 l Kanister"
Pronto Plus,"22,51 € / l","112,55 € pro 5 l Kanister"
Property 180 SC,"33,53 € / l","167,65 € pro 5 l Kanister"
Propulse,"51,73 € / l","258,65 € pro 5 l Kanister"
Prosaro,"24,15 € / l","120,75 € pro 5 l Kanister"
Prosper Tec,"19,42 € / l","97,10 € pro 5 l Kanister"
Quantum®,"21,79 € / l","217,90 € pro 10 l Kanister"
Quickdown Kombipack,"21,16 € / l","296,24 € pro 14 l Pack"
Racumin Schaum,"60,40 € / kg","30,20 € pro 0.5 Stück"
Ranger,"46,75 € / l","467,50 € pro 10 l Kanister"
Ranman Top,"65,32 € / l","326,60 € pro 5 l Kanister"
Rapsan 500 SC,"22,08 € / l","110,40 € pro 5 l Kanister"
Raptol HP,"118,38 € / l","118,38 € pro 1 l Flasche"
Ratron Giftlinsen,"9,40 € / kg","94,00 € pro 10 kg Eimer"
Ratron Giftlinsen + Appli Gun,"78,57 € / St","78,57 € pro 1 Stück"
Ratron Giftlinsen Nachfüllpack,"12,54 € / St","12,54 € pro 1 Stück"
Ratron Giftweizen,"5,00 € / kg","125,00 € pro 25 kg Sack"
Ratron Haferflockenköder,"9,01 € / kg","90,10 € pro 10 Stück"
Ratron Legeflinte,"69,95 € / St","69,95 € pro 1 Stück"
Ratron Rattenköder Station,"19,45 € / St","19,45 € pro 1 Stück"
Ratron Schermaus-Sticks,"32,88 € / kg","82,20 € pro 2.5 Stück"
Reboot,"68,03 € / kg","340,15 € pro 5 Stück"
Refine Extra SX,"264,72 € / kg","66,18 € pro 0.25 Stück"
Regalis Plus,"135,32 € / kg","202,98 € pro 1.5 Stück"
Regulator 720,"3,75 € / l","37,50 € pro 10 l Kanister"
Revus,"44,12 € / l","220,60 € pro 5 l Kanister"
Revus Top,"55,95 € / l","279,75 € pro 5 l Kanister"
Revystar + Flexity,"37,03 € / l","555,45 € pro 15 l Pack"
Revytrex,"41,35 € / l","413,50 € pro 10 l Kanister"
Revytrex + Comet,"37,66 € / l","753,20 € pro 20 l Pack"
Rimuron 25 WG + Surfer Plus,"43,47 € / l","39,12 € pro 0.9 l Pack"
Rodilon Paste,"20,99 € / kg","62,97 € pro 3 Stück"
Roundup Future,"9,69 € / l","6.201,60 € pro 640 l Container"
Roundup Rekord,"14,91 € / kg","149,10 € pro 10 kg Sack"
Roxy 800 EC,"7,35 € / l","147,00 € pro 20 l Kanister"
Rubin Plus,"50,95 € / l","509,50 € pro 10 l Kanister"
Runway,"123,06 € / l","246,12 € pro 2 l Flasche"
Runway VA,"110,63 € / l","110,63 € pro 1 l Flasche"
Saracen,"76,55 € / l","68,17 € pro 1 l Flasche"
Saracen Delta,"128,37 € / l","128,37 € pro 1 l Flasche"
Saracen Max,"495,36 € / kg","123,84 € pro 0.25 Stück"
Schaumstopp,"90,06 € / l","45,03 € pro 0.5 l Flasche"
Schneckenkorn Derrex,"4,42 € / kg","88,40 € pro 20 kg Sack"
Score,"70,68 € / l","353,40 € pro 5 l Kanister"
Seclira Fly Bait,"75,60 € / l","37,80 € pro 0.5 l Flasche"
Select 240 EC,"18,38 € / l","275,70 € pro 15 l Pack"
Selontra,"20,59 € / kg","61,77 € pro 3 kg Eimer"
Sencor Liquid,"52,94 € / l","264,70 € pro 5 l Kanister"
Sercadis,"137,08 € / l","137,08 € pro 1 l Flasche"
Setanta Flo,"24,95 € / l","124,75 € pro 5 l Kanister"
Shark,"55,74 € / l","278,70 € pro 5 l Kanister"
Shirlan,"29,15 € / l","145,75 € pro 5 l Kanister"
Shock Down,"33,36 € / l","166,80 € pro 5 l Kanister"
Signum,"74,92 € / kg","374,60 € pro 5 Stück"
Silwet Gold,"32,96 € / l","164,80 € pro 5 l Kanister"
Simplex,"62,94 € / l","314,70 € pro 5 l Kanister"
Sirena Pro Pack,"21,88 € / l","371,96 € pro 17 l Pack"
Skyway Xpro,"50,00 € / l","250,00 € pro 5 l Kanister"
Sluxx HP,"4,63 € / kg","92,60 € pro 20 kg Sack"
Soleil,"26,90 € / l","134,50 € pro 5 l Kanister"
Spectrum,"36,76 € / l","183,80 € pro 5 l Kanister"
Spectrum Gold,"22,21 € / l","222,10 € pro 10 l Kanister"
Spectrum Plus,"20,96 € / l","209,60 € pro 10 l Kanister"
Spintor,"376,08 € / l","188,04 € pro 0.5 l Flasche"
Spray Plus,"20,67 € / l","103,35 € pro 5 l Kanister"
Spruzit Neu,"16,18 € / l","323,60 € pro 20 l Kanister"
Stefes Prothio 250,"14,28 € / l","71,40 € pro 5 l Kanister"
Stemat,"22,51 € / l","112,55 € pro 5 l Kanister"
Stomp Aqua,"19,37 € / l","193,70 € pro 10 l Kanister"
Storm Ultra Happen,"20,80 € / kg","62,40 € pro 3 kg Eimer"
Storm Ultra Secure,"20,80 € / kg","62,40 € pro 3 kg Eimer"
Stretch,"7,95 € / l","39,75 € pro 5 l Kanister"
Successor 600,"21,79 € / l","217,90 € pro 10 l Kanister"
Successor T,"14,07 € / l","140,70 € pro 10 l Kanister"
Successor Top 3.0,"11,54 € / l","288,50 € pro 25 l Pack"
Sulgran plus,Preis auf Anfrage,
Sumicidin Alpha EC,"27,56 € / l","137,80 € pro 5 l Kanister"
Sumimax,"390,15 € / kg","468,18 € pro 1.2 Stück"
Switch,"106,31 € / kg","531,55 € pro 5 Stück"
Sword 240 EC,"83,05 € / l","83,05 € pro 1 l Flasche"
Syllit,"22,08 € / l","110,40 € pro 5 l Kanister"
Taifun forte,"5,05 € / l","101,00 € pro 20 l Kanister"
Talendo,"79,16 € / l","79,16 € pro 1 l Flasche"
Talisma EC,"67,14 € / l","67,14 € pro 1 l Flasche"
Tanaris,"47,95 € / l","239,75 € pro 5 l Kanister"
Tarak,"69,30 € / l","207,90 € pro 3 l Kanister"
Targa Super,"10,22 € / l","51,10 € pro 5 l Kanister"
Task Pack,"366,06 € / Pack","366,06 € pro 1 Pack Pack"
Tebu 25,"11,25 € / l","56,25 € pro 5 l Kanister"
Tebucur 250 EW,"11,50 € / l","57,50 € pro 5 l Kanister"
Teldor,"85,96 € / kg","515,76 € pro 6 Stück"
Templier+Connector,"8,72 € / l","91,91 € pro 10.54 l Pack"
Teppeki,"183,06 € / kg","366,12 € pro 2 Stück"
Terminus,"28,55 € / l","142,75 € pro 5 l Kanister"
Thiopron,"4,84 € / l","48,40 € pro 10 l Kanister"
Tilmor,"28,46 € / l","142,30 € pro 5 l Kanister"
Topas,"32,68 € / l","163,40 € pro 5 l Kanister"
Toprex,"55,82 € / l","279,10 € pro 5 l Kanister"
Traxos,"36,45 € / l","182,25 € pro 5 l Kanister"
Trebon 30 EC,"58,25 € / l","291,25 € pro 5 l Kanister"
Trepach,"8,62 € / l","43,10 € pro 5 l Kanister"
Treso,"85,96 € / kg","429,80 € pro 5 Stück"
Tribun 75 WG,"174,75 € / kg","174,75 € pro 1 Stück"
Trico,"13,82 € / l","138,20 € pro 10 l Kanister"
Trinity,"15,34 € / l","153,40 € pro 10 l Kanister"
U 46 M-Fluid,"9,38 € / l","93,80 € pro 10 l Kanister"
Univoq,"35,11 € / l","175,55 € pro 5 l Kanister"
Unix Pro,"38,61 € / l","386,10 € pro 10 l Pack"
Upside,"15,79 € / l","78,95 € pro 5 l Kanister"
Upton,"62,53 € / l","156,33 € pro 2.5 l Flasche"
Valentia,"18,96 € / l","94,80 € pro 5 l Kanister"
Vastimo,"37,28 € / l","372,80 € pro 10 l Kanister"
Vegas Plus,"34,76 € / l","173,80 € pro 5 l Kanister"
Venzar 500 SC,"42,47 € / l","212,35 € pro 5 l Kanister"
Verben,"38,18 € / l","190,90 € pro 5 l Kanister"
Veriphos,"7,85 € / l","78,50 € pro 10 l Kanister"
VextaDim 240 EC + VexZone,"26,76 € / l","267,60 € pro 10 l Pack"
Viper Compact,"24,07 € / l","120,35 € pro 5 l Kanister"
Vivando,"82,68 € / l","413,40 € pro 5 l Kanister"
Vivendi 100,"29,55 € / l","147,75 € pro 5 l Kanister"
Vivolt,"14,65 € / l","73,25 € pro 5 l Kanister"
Vizura,"11,22 € / l","112,20 € pro 10 l Kanister"
Vorox F,"444,99 € / kg","533,99 € pro 1.2 Stück"
Voyager,"34,94 € / l","174,70 € pro 5 l Kanister"
Vulcanus,"77,00 € / l","231,00 € pro 3 l Kanister"
Wildschwein-Stopp blau,"46,13 € / l","18,45 € pro 0.4 l Flasche"
Wildschwein-Stopp Kombiset,"46,68 € / St","46,68 € pro 1 Stück"
Wildschwein-Stopp rot,"46,13 € / l","18,45 € pro 0.4 l Flasche"
WildStop,"12,92 € / l","64,60 € pro 5 l Kanister"
Xenial,"40,24 € / l","402,40 € pro 10 l Kanister"
XenTari,"54,34 € / kg","27,17 € pro 0.5 Stück"
XtremeClean,"7,56 € / l","151,20 € pro 20 l Kanister"
Zenby Flex Pack,"50,64 € / l","506,40 € pro 10 l Pack"
Zentero SPR,"19,77 € / l","197,70 € pro 10 l Kanister"
Zeus,"13,16 € / l","65,80 € pro 5 l Kanister"
Zingis,"28,16 € / l","322,43 € pro 11.45 l Pack"
Zorvec Entecta,"162,63 € / l","813,15 € pro 5 l Kanister"
Zorvec Vinabel,"98,22 € / l","491,10 € pro 5 l Kanister"
Zypar,"27,50 € / l","137,50 € pro 5 l Kanister"
